name,is_composer,birth_date,birth_place,death_date,death_place,url
Adamowski Jan,false,,,,,https://polmic.pl/en/encyclopedia/subject-entries/a/adamowski-jan-en
Ajdinović Jacek,true,1st March 1985,Cracow,,,https://polmic.pl/en/encyclopedia/subject-entries/a/ajdinovic-jacek-wiktor-en
Akiki Bassem,false,,,,,https://polmic.pl/en/encyclopedia/subject-entries/a/akiki-bassem-en
Anbild (Strzempa) Karol,true,16th February 1925,Katowice,1st March 2008,Kielce,https://polmic.pl/en/encyclopedia/subject-entries/a/anbild-strzempa-karol-en
Anderszewski Piotr,false,,,,,https://polmic.pl/en/encyclopedia/subject-entries/a/anderszewski-piotr-en
Andruszczenko Oliwier,false,,,,,https://polmic.pl/en/encyclopedia/subject-entries/a/andruszczenko-oliwier-en
Andrysek Marek,false,,,,,https://polmic.pl/en/encyclopedia/subject-entries/a/andrysek-marek-en
Aniołkiewicz Czesław,true,22nd January 1905,Wierzchy,7th April 1973,Łódź,https://polmic.pl/en/encyclopedia/subject-entries/a/aniolkiewicz-czeslaw-en
Araszkiewicz Franciszek,true,,,,,https://polmic.pl/en/encyclopedia/subject-entries/a/araszkiewicz-franciszek-en
Armanowska Małgorzata,false,,,,,https://polmic.pl/en/encyclopedia/subject-entries/a/armanowska-malgorzata-en
Armatys-Borrelli Anna,false,,,,,https://polmic.pl/en/encyclopedia/subject-entries/a/armatys-borrelli-anna-en
Arnhold Katarzyna,true,4th August 1968,Opole,,,https://polmic.pl/en/encyclopedia/subject-entries/a/arnhold-katarzyna-en
Arnold Tomasz,true,18th May 1990,Cracow,,,https://polmic.pl/en/encyclopedia/subject-entries/a/arnold-tomasz-en
Artysz Jerzy,false,,,,,https://polmic.pl/en/encyclopedia/subject-entries/a/artysz-jerzy-en
Astriab Jan,true,,,,,https://polmic.pl/en/encyclopedia/subject-entries/a/astriab-jan-en
Augustyn Danuta,false,,,,,https://polmic.pl/en/encyclopedia/subject-entries/a/augustyn-danuta-en
Augustyn Kinga,false,,,,,https://polmic.pl/en/encyclopedia/subject-entries/a/augustyn-kinga-en
Augustyn Rafał,true,"Aug. 28, 1951",Wrocław,,,https://polmic.pl/en/encyclopedia/subject-entries/a/augustyn-rafal-en
Bacewicz Grażyna,true,5th February 1909,Łódź,17th January 1969,Warsaw,https://polmic.pl/en/encyclopedia/subject-entries/b/bacewicz-grazyna-en
Bacewicz Kiejstut,false,,,,,https://polmic.pl/en/encyclopedia/subject-entries/b/bacewicz-kiejstut-en
Bachowska Monika,false,,,,,https://polmic.pl/en/encyclopedia/subject-entries/b/bachowska-monika-en
Baculewski Krzysztof,true,26th December 1950,Warsaw,,,https://polmic.pl/en/encyclopedia/subject-entries/b/baculewski-krzysztof-en
Baczewska Magdalena,false,,,,,https://polmic.pl/en/encyclopedia/subject-entries/b/baczewska-magdalena-en
Bączyk Maciej,false,,,,,https://polmic.pl/en/encyclopedia/subject-entries/b/baczyk-maciej-en
Baczyńska-Kissas Dagny,false,,,,,https://polmic.pl/en/encyclopedia/subject-entries/b/baczynska-kissas-dagny-en
Bagiński Zbigniew,true,,,,,https://polmic.pl/en/encyclopedia/subject-entries/b/baginski-zbigniew-en
Baird Tadeusz,true,26th July 1928,Grodzisk Mazowiecki,2nd September 1981,Warsaw,https://polmic.pl/en/encyclopedia/subject-entries/b/baird-tadeusz-en
Bajerski Tomasz,true,,,,,https://polmic.pl/en/encyclopedia/subject-entries/b/bajerski-tomasz-en
Baklarz Elżbieta,false,,,,,https://polmic.pl/en/encyclopedia/subject-entries/b/baklarz-elzbieta-en
Bąkowski Krzysztof,false,,,,,https://polmic.pl/en/encyclopedia/subject-entries/b/bakowski-krzysztof-en
Bakst Ryszard,false,,,,,https://polmic.pl/en/encyclopedia/subject-entries/b/bakst-ryszard-en
Bałaban Lech,false,,,,,https://polmic.pl/en/encyclopedia/subject-entries/b/balaban-lech-en
Balcerzak Hanna,false,,,,,https://polmic.pl/en/encyclopedia/subject-entries/b/balcerzak-hanna-en
Bałdych Adam,true,,,,,https://polmic.pl/en/encyclopedia/subject-entries/b/baldych-adam-en
Bałenkowski Maciej,true,18th October 1993,Radom,,,https://polmic.pl/en/encyclopedia/subject-entries/b/balenkowski-maciej-en
Baliszewska Maria,false,,,,,https://polmic.pl/en/encyclopedia/subject-entries/b/baliszewska-maria-en
Banasik Marcin Filip,true,,,,,https://polmic.pl/en/encyclopedia/subject-entries/b/banasik-marcin-filip-en
Banasik Piotr,false,,,,,https://polmic.pl/en/encyclopedia/subject-entries/b/banasik-piotr-en
Banaszak Adam,false,,,,,https://polmic.pl/en/encyclopedia/subject-entries/b/banaszak-adam-en
Bancer Teresa,true,,,,,https://polmic.pl/en/encyclopedia/subject-entries/b/bancer-teresa-en
Bandrowska-Turska Ewa,false,,,,,https://polmic.pl/en/encyclopedia/subject-entries/b/bandrowska-turska-ewa-en
Bańka Piotr,true,,,,,https://polmic.pl/en/encyclopedia/subject-entries/b/banka-piotr-en
Baran Klaudiusz,false,,,,,https://polmic.pl/en/encyclopedia/subject-entries/b/baran-klaudiusz-en
Baranowski Marcin,false,,,,,https://polmic.pl/en/encyclopedia/subject-entries/b/baranowski-marcin-en
Barcewicz Stanisław,false,,,,,https://polmic.pl/en/encyclopedia/subject-entries/b/barcewicz-stanislaw-en
Barczyński Wojciech,false,,,,,https://polmic.pl/en/encyclopedia/subject-entries/b/barczynski-wojciech-en
Bargielski Zbigniew,true,21st January 1937,Łomża,,,https://polmic.pl/en/encyclopedia/subject-entries/b/bargielski-zbigniew-en
Baron Piotr,true,,,,,https://polmic.pl/en/encyclopedia/subject-entries/b/baron-piotr-en
Bartczak Maciej Piotr,false,,,,,https://polmic.pl/en/encyclopedia/subject-entries/b/bartczak-maciej-piotr-en
Bartkiewicz Urszula,false,,,,,https://polmic.pl/en/encyclopedia/subject-entries/b/bartkiewicz-urszula-en
Bartkowski Bolesław,false,3rd March 1936,Sarbice,25th March 1998,Lublin,https://polmic.pl/en/encyclopedia/subject-entries/b/bartkowski-boleslaw-en
Bartmiński Jerzy,false,,,,,https://polmic.pl/en/encyclopedia/subject-entries/b/bartminski-jerzy-en
Bartmiński Rafał,false,,,,,https://polmic.pl/en/encyclopedia/subject-entries/b/bartminski-rafal-en
Batog Aleksandra,false,,,,,https://polmic.pl/en/encyclopedia/subject-entries/b/batog-aleksandra-en
Batog Krzysztof,false,,,,,https://polmic.pl/en/encyclopedia/subject-entries/b/batog-krzysztof-en
Bator Andrzej,false,,,,,https://polmic.pl/en/encyclopedia/subject-entries/b/bator-andrzej-en
Bator Dariusz,false,,,,,https://polmic.pl/en/encyclopedia/subject-entries/b/bator-dariusz-en
Bauer Andrzej,true,25th October 1962,Łódź,,,https://polmic.pl/en/encyclopedia/subject-entries/b/bauer-andrzej-en
Bauer Jerzy,true,12th May 1936,Łódź,,,https://polmic.pl/en/encyclopedia/subject-entries/b/bauer-jerzy-en
Bazylik Cyprian,true,,,,,https://polmic.pl/en/encyclopedia/subject-entries/b/bazylik-cyprian-en
Bebłot Łukasz,false,,,,,https://polmic.pl/en/encyclopedia/subject-entries/b/beblot-lukasz-en
Beczała Piotr,false,,,,,https://polmic.pl/en/encyclopedia/subject-entries/b/beczala-piotr-en
Behr Stefan,true,,,,,https://polmic.pl/en/encyclopedia/subject-entries/b/behr-stefan-en
Bembinow Miłosz,true,1st January 1978,Warsaw,,,https://polmic.pl/en/encyclopedia/subject-entries/b/bembinow-milosz-en
Berger Roman,true,9 August 1930,Cieszyn,22 December 2020,Bratislava,https://polmic.pl/en/encyclopedia/subject-entries/b/berger-roman-en
Białostocki Zygmunt,true,,,,,https://polmic.pl/en/encyclopedia/subject-entries/b/bialostocki-zygmunt-en
Biegun Andrzej,false,,,,,https://polmic.pl/en/encyclopedia/subject-entries/b/biegun-andrzej-en
Bielawski Ludwik,false,27th July 1929,Chojnice,,,https://polmic.pl/en/encyclopedia/subject-entries/b/bielawski-ludwik-en
Bielecka Violetta,false,,,,,https://polmic.pl/en/encyclopedia/subject-entries/b/bielecka-violetta-en
Bień Mateusz,true,24th October 1968,Wrocław,,,https://polmic.pl/en/encyclopedia/subject-entries/b/bien-mateusz-en
Bieńkowski Andrzej,false,,,,,https://polmic.pl/en/encyclopedia/subject-entries/b/bienkowski-andrzej-en
Bierdiajew Walerian,false,,,,,https://polmic.pl/en/encyclopedia/subject-entries/b/bierdiajew-walerian-en
Biernacki Krzysztof,false,,,,,https://polmic.pl/en/encyclopedia/subject-entries/b/biernacki-krzysztof-en
Biernacki Tomasz,false,,,,,https://polmic.pl/en/encyclopedia/subject-entries/b/biernacki-tomasz-en
Bies Tymoteusz,false,,,,,https://polmic.pl/en/encyclopedia/subject-entries/b/bies-tymoteusz-en
Bilica Krzysztof,false,5th June 1946,Wrocław,,,https://polmic.pl/en/encyclopedia/subject-entries/b/bilica-krzysztof-en
Bilińska Beata,false,,,,,https://polmic.pl/en/encyclopedia/subject-entries/b/bilinska-beata-en
Bilińska-Słomkowska Aleksandra,false,,,,,https://polmic.pl/en/encyclopedia/subject-entries/b/bilinska-slomkowska-aleksandra-en
Binkowski Daria,false,,,,,https://polmic.pl/en/encyclopedia/subject-entries/b/binkowski-daria-en
Birnbaum Zdzisław Aleksander,true,,,,,https://polmic.pl/en/encyclopedia/subject-entries/b/birnbaum-zdzislaw-aleksander-en
Błaszczyk Bolesław,false,,,,,https://polmic.pl/en/encyclopedia/subject-entries/b/blaszczyk-boleslaw-en
Błaszczyk Leon Tadeusz,false,,,,,https://polmic.pl/en/encyclopedia/subject-entries/b/blaszczyk-leon-tadeusz-en
Błaszczyk Łukasz,false,,,,,https://polmic.pl/en/encyclopedia/subject-entries/b/blaszczyk-lukasz-en
Błaszczyk Mirosław Jacek,false,,,,,https://polmic.pl/en/encyclopedia/subject-entries/b/blaszczyk-miroslaw-jacek-en
Błażej Henryk,false,,,,,https://polmic.pl/en/encyclopedia/subject-entries/b/blazej-henryk-en
Błażejczyk Wojciech,true,10 January 1981,,,,https://polmic.pl/en/encyclopedia/subject-entries/b/blazejczyk-wojciech-en
Błażewicz Marcin,true,28 Feb. 1953,Warsaw,5th April 2021,Podkowa Leśna,https://polmic.pl/en/encyclopedia/subject-entries/b/blazewicz-marcin-en
Blechacz Rafał,false,30th June 1985,Nakło nad Notecią,,,https://polmic.pl/en/encyclopedia/subject-entries/b/blechacz-rafal-en
Blecharz Wojciech,true,21st June 1981,Gdynia,,,https://polmic.pl/en/encyclopedia/subject-entries/b/blecharz-wojciech-en
Blicharczyk Aleksandra,false,,,,,https://polmic.pl/en/encyclopedia/subject-entries/b/blicharczyk-aleksandra-en
Bloch Augustyn,true,13th August 1929,Grudziądz,6th April 2006,Warsaw,https://polmic.pl/en/encyclopedia/subject-entries/b/bloch-augustyn-en
Błoch Piotr,false,,,,,https://polmic.pl/en/encyclopedia/subject-entries/b/bloch-piotr-en
Błońska Alina,true,,,,,https://polmic.pl/en/encyclopedia/subject-entries/b/blonska-alina-en
Blumental Felicja,false,,,,,https://polmic.pl/en/encyclopedia/subject-entries/b/blumental-felicja-en
Bobrzecki Krzysztof,false,,,,,https://polmic.pl/en/encyclopedia/subject-entries/b/bobrzecki-krzysztof-en
Boczar Anna,false,,,,,https://polmic.pl/en/encyclopedia/subject-entries/b/boczar-anna-en
Bogajewicz Ireneusz,false,,,,,https://polmic.pl/en/encyclopedia/subject-entries/b/bogajewicz-ireneusz-en
Bogusławski Edward,true,,,,,https://polmic.pl/en/encyclopedia/subject-entries/b/boguslawski-edward-en
Bogusz-Moore Ewa,false,,,,,https://polmic.pl/en/encyclopedia/subject-entries/b/bogusz-moore-ewa-en
Bojanowicz Magdalena,false,,,,,https://polmic.pl/en/encyclopedia/subject-entries/b/bojanowicz-magdalena-en
Bojanowski Jerzy,true,,,,,https://polmic.pl/en/encyclopedia/subject-entries/b/bojanowski-jerzy-en
Bokszczanin Jan,false,,,,,https://polmic.pl/en/encyclopedia/subject-entries/b/bokszczanin-jan-bartlomiej-en
Bokun Jan Jakub,false,,,,,https://polmic.pl/en/encyclopedia/subject-entries/b/bokun-jan-jakub-en
Bolesławska-Lewandowska Beata,false,,,,,https://polmic.pl/en/encyclopedia/subject-entries/b/boleslawska-lewandowska-beata-en
Borkowski Marian,true,17 Aug. 1934,Pabianice,,,https://polmic.pl/en/encyclopedia/subject-entries/b/borkowski-marian-en
Borkowski Piotr,false,,,,,https://polmic.pl/en/encyclopedia/subject-entries/b/borkowski-piotr-en
Borowiak Mateusz,false,,,,,https://polmic.pl/en/encyclopedia/subject-entries/b/borowiak-mateusz-en
Borowicz Barbara,false,,,,,https://polmic.pl/en/encyclopedia/subject-entries/b/borowicz-barbara-en
Borowicz Łukasz,false,,,,,https://polmic.pl/en/encyclopedia/subject-entries/b/borowicz-lukasz-en
Borowski Daniel,false,,,,,https://polmic.pl/en/encyclopedia/subject-entries/b/borowski-daniel-en
Borowski Ryszard,true,,,,,https://polmic.pl/en/encyclopedia/subject-entries/b/borowski-ryszard-en
Bortkun-Szpotańska Katarzyna,true,,,,,https://polmic.pl/en/encyclopedia/subject-entries/b/bortkun-szpotanska-katarzyna-en
Bortnowski Marcin,true,1st March 1972,Żary,,,https://polmic.pl/en/encyclopedia/subject-entries/b/bortnowski-marcin-en
Borucka-Szotkowska Anna,false,,,,,https://polmic.pl/en/encyclopedia/subject-entries/b/borucka-szotkowska-anna-en
Borzym Andrzej,true,,,,,https://polmic.pl/en/encyclopedia/subject-entries/b/borzym-andrzej-en
Bosak Maciej,false,29th December 1980,Krakow,,,https://polmic.pl/en/encyclopedia/subject-entries/b/bosak-maciej-en
Botor Henryk Jan,true,,,,,https://polmic.pl/en/encyclopedia/subject-entries/b/botor-henryk-jan-en
Bracha Marek,false,,,,,https://polmic.pl/en/encyclopedia/subject-entries/b/bracha-marek-en
Brégy Wiktor,false,,,,,https://polmic.pl/en/encyclopedia/subject-entries/b/bregy-wiktor-en
Bręk Jarosław,false,,,,,https://polmic.pl/en/encyclopedia/subject-entries/b/brek-jaroslaw-en
Bristiger Michał,false,,,,,https://polmic.pl/en/encyclopedia/subject-entries/b/bristiger-michal-en
Brochocka Katarzyna,true,4th January 1982,Lidzbark Warmiński,,,https://polmic.pl/en/encyclopedia/subject-entries/b/brochocka-katarzyna-en
Broja Jan Krzysztof,false,,,,,https://polmic.pl/en/encyclopedia/subject-entries/b/broja-jan-krzysztof-en
Bromboszcz Stanisław,true,24th March 1980,Krakow,,,https://polmic.pl/en/encyclopedia/subject-entries/b/bromboszcz-stanislaw-en
Bronikowski Marcin,false,,,,,https://polmic.pl/en/encyclopedia/subject-entries/b/bronikowski-marcin-en
Bruzdowicz-Tittel Joanna,true,17th May 1943,Warsaw,,,https://polmic.pl/en/encyclopedia/subject-entries/b/bruzdowicz-tittel-joanna-en
Bryk Aleksander,true,,,,,https://polmic.pl/en/encyclopedia/subject-entries/b/bryk-aleksander-en
Bryła Aleksandra,false,,,,,https://polmic.pl/en/encyclopedia/subject-entries/b/bryla-aleksandra-en
Bryła Bartosz,false,,,,,https://polmic.pl/en/encyclopedia/subject-entries/b/bryla-bartosz-en
Bryła Michał,false,,,,,https://polmic.pl/en/encyclopedia/subject-entries/b/bryla-michal-en
Brzeziński Wacław,false,,,,,https://polmic.pl/en/encyclopedia/subject-entries/b/brzezinski-waclaw-en
Brzóska Szymon,true,,,,,https://polmic.pl/en/encyclopedia/subject-entries/b/brzoska-szymon-en
Buchowska Izabela,false,,,,,https://polmic.pl/en/encyclopedia/subject-entries/b/buchowska-izabela-en
Buchwald Magdalena,true,,,,,https://polmic.pl/en/encyclopedia/subject-entries/b/buchwald-magdalena-en
Buczek Barbara,true,,,,,https://polmic.pl/en/encyclopedia/subject-entries/b/buczek-barbara-en
Buczyński Paweł,true,7th April 1953,Laski,,,https://polmic.pl/en/encyclopedia/subject-entries/b/buczynski-pawel-en
Buczyński Walter,true,17th December 1933,Toronto (Canada),,,https://polmic.pl/en/encyclopedia/subject-entries/b/buczynski-walter-en
Budnik-Gałązka Katarzyna,false,,,,,https://polmic.pl/en/encyclopedia/subject-entries/b/budnik-galazka-katarzyna-en
Budzińska-Bennett Agnieszka,false,,,,,https://polmic.pl/en/encyclopedia/subject-entries/b/budzinska-bennett-agnieszka-en
Budzyński Bartłomiej,true,,,,,https://polmic.pl/en/encyclopedia/subject-entries/b/budzynski-bartlomiej-en
Bugaj Tomasz,false,,,,,https://polmic.pl/en/encyclopedia/subject-entries/b/bugaj-tomasz-en
Bujakiewicz Andrzej,false,,,,,https://polmic.pl/en/encyclopedia/subject-entries/b/bujakiewicz-andrzej-en
Bujarski Zbigniew,true,21st August 1933,Muszyna,13th April 2018,Krakow,https://polmic.pl/en/encyclopedia/subject-entries/b/bujarski-zbigniew-en
Bukowski Ryszard,true,,,,,https://polmic.pl/en/encyclopedia/subject-entries/b/bukowski-ryszard-en
Bursa (Bursa-Dołęga) Stanisław Władysław,true,,,,,https://polmic.pl/en/encyclopedia/subject-entries/b/bursa-bursa-dolega-stanislaw-wladyslaw-en
Bursa Lech Karol,true,,,,,https://polmic.pl/en/encyclopedia/subject-entries/b/bursa-lech-karol-en
Bury Edward,true,,,,,https://polmic.pl/en/encyclopedia/subject-entries/b/bury-edward-en
Burzyńska Nikolet,true,29th July 1989,Katowice,,,https://polmic.pl/en/encyclopedia/subject-entries/b/burzynska-nikolet-en
Burzyński Jakub,false,,,,,https://polmic.pl/en/encyclopedia/subject-entries/b/burzynski-jakub-en
Bystroń Jan Stanisław,false,20th October 1892,Kraków,18th November 1964,Warsaw,https://polmic.pl/en/encyclopedia/subject-entries/b/bystron-jan-stanislaw-en
Bywalec Szymon,false,,,,,https://polmic.pl/en/encyclopedia/subject-entries/b/bywalec-szymon-en
Cato Diomedes,true,,,,,https://polmic.pl/en/encyclopedia/subject-entries/c/cato-diomedes-en
Chachaj Tadeusz,true,,,,,https://polmic.pl/en/encyclopedia/subject-entries/c/chachaj-tadeusz-en
Chajdecki Bartosz,true,,,,,https://polmic.pl/en/encyclopedia/subject-entries/c/chajdecki-bartosz-en
Chang Eunho,true,,,,,https://polmic.pl/en/encyclopedia/subject-entries/c/chang-eunho-en
Chełmecki Jarosław,true,,,,,https://polmic.pl/en/encyclopedia/subject-entries/c/chelmecki-jaroslaw-en
Chętnik Adam,false,20 December 1895,Nowogród (upon the Narew river),29 May 1967,Warsaw,https://polmic.pl/en/encyclopedia/subject-entries/c/chetnik-adam-en
Chłopecki Andrzej,false,,,,,https://polmic.pl/en/encyclopedia/subject-entries/c/chlopecki-andrzej-en
Chłopicka Regina,false,,,,,https://polmic.pl/en/encyclopedia/subject-entries/c/chlopicka-regina-en
Chmara-Żaczkiewicz Barbara,false,,,,,https://polmic.pl/en/encyclopedia/subject-entries/c/chmara-zaczkiewicz-barbara-en
Chmielewska Aleksandra,true,1st September 1993,Warsaw,,,https://polmic.pl/en/encyclopedia/subject-entries/c/chmielewska-aleksandra-en
Chmielewski Tadeusz,false,,,,,https://polmic.pl/en/encyclopedia/subject-entries/c/chmielewski-tadeusz-en
Chmielowska Wanda,false,,,,,https://polmic.pl/en/encyclopedia/subject-entries/c/chmielowska-wanda-en
Chmura Gabriel,false,7th May 1946,Wrocław,,,https://polmic.pl/en/encyclopedia/subject-entries/c/chmura-gabriel-en
Chodkowski Andrzej,false,,,,,https://polmic.pl/en/encyclopedia/subject-entries/c/chodkowski-andrzej-en
Chodowicz Wioletta,false,,,,,https://polmic.pl/en/encyclopedia/subject-entries/c/chodowicz-wioletta-en
Chojnacka Elżbieta,false,,,,,https://polmic.pl/en/encyclopedia/subject-entries/c/chojnacka-elzbieta-en
Chołoniewski Marek,true,23rd October 1953,Cracow,,,https://polmic.pl/en/encyclopedia/subject-entries/c/choloniewski-marek-en
Chopin Fryderyk,true,,,,,https://polmic.pl/en/encyclopedia/subject-entries/c/chopin-fryderyk-en
Chorosiński Andrzej,true,,,,,https://polmic.pl/en/encyclopedia/subject-entries/c/chorosinski-andrzej-en
Chorosiński Jan,false,,,,,https://polmic.pl/en/encyclopedia/subject-entries/c/chorosinski-jan-en
Chorosiński Wiesław,false,,,,,https://polmic.pl/en/encyclopedia/subject-entries/c/chorosinski-wieslaw-en
Chrenowicz Jakub,false,,,,,https://polmic.pl/en/encyclopedia/subject-entries/c/chrenowicz-jakub-en
Chrzanowski Sławomir,false,,,,,https://polmic.pl/en/encyclopedia/subject-entries/c/chrzanowski-slawomir-en
Chwedczuk Zbigniew,false,,,,,https://polmic.pl/en/encyclopedia/subject-entries/c/chwedczuk-zbigniew-en
Chybiński Adolf,false,29th April 1880,Kraków,31st October 1952,Poznań,https://polmic.pl/en/encyclopedia/subject-entries/c/chybinski-adolf-en
Chylińska Teresa,false,,,,,https://polmic.pl/en/encyclopedia/subject-entries/c/chylinska-teresa-en
Chyrzyński Marcel,true,26 November 1971,Częstochowa,,,https://polmic.pl/en/encyclopedia/subject-entries/c/chyrzynski-marcel-en
Chyżyński Marian,false,,,,,https://polmic.pl/en/encyclopedia/subject-entries/c/chyzynski-marian-en
Ciborowska Anna,false,,,,,https://polmic.pl/en/encyclopedia/subject-entries/c/ciborowska-anna-en
Cichy Daniel,false,,,,,https://polmic.pl/en/encyclopedia/subject-entries/c/cichy-daniel-en
Ciechan Zbigniew,true,,,,,https://polmic.pl/en/encyclopedia/subject-entries/c/ciechan-zbigniew-en
Ciechański Adam Bronisław,false,,,,,https://polmic.pl/en/encyclopedia/subject-entries/c/ciechanski-adam-bronislaw-en
Cienciała Wiesław,true,17 August 1961,Cieszyn,,,https://polmic.pl/en/encyclopedia/subject-entries/c/cienciala-wieslaw-en
Ciepliński Janusz,false,,,,,https://polmic.pl/en/encyclopedia/subject-entries/c/cieplinski-janusz-en
Cieślak Artur,true,30th December 1968,Szczecin,,,https://polmic.pl/en/encyclopedia/subject-entries/c/cieslak-artur-en
Ciuciura Leoncjusz,true,22nd June 1930,Grodzisk Mazowiecki,28 February 2017,Grodzisk Mazowiecki,https://polmic.pl/en/encyclopedia/subject-entries/c/ciuciura-leoncjusz-en
Ciuła Pehlken Anna,false,,,,,https://polmic.pl/en/encyclopedia/subject-entries/c/ciula-pehlken-anna-en
Ćwiek-Karpowicz Anna,false,,,,,https://polmic.pl/en/encyclopedia/subject-entries/c-1/cwiek-karpowicz-anna-en
Cwojdziński Andrzej,true,,,,,https://polmic.pl/en/encyclopedia/subject-entries/c/cwojdzinski-andrzej-en
Kochanowicz (Cybulska) Monika,true,,,,,https://polmic.pl/en/encyclopedia/subject-entries/k/cybulska-monika-en
Cybulski Krzysztof,true,,,,,https://polmic.pl/en/encyclopedia/subject-entries/c/cybulski-krzysztof-en
Cymerman Martyna,false,,,,,https://polmic.pl/en/encyclopedia/subject-entries/c/cymerman-martyna-en
Cynk Magdalena,true,24th May 1968,Toruń,,,https://polmic.pl/en/encyclopedia/subject-entries/c/cynk-magdalena-en
Czaja Jan,false,,,,,https://polmic.pl/en/encyclopedia/subject-entries/c/czaja-jan-en
Czaja Krzysztof,true,5 July 1962,Warsaw,,,https://polmic.pl/en/encyclopedia/subject-entries/c/czaja-krzysztof-en
Czajkowski Andrzej,true,,,,,https://polmic.pl/en/encyclopedia/subject-entries/c/czajkowski-andrzej-en
Czapiewski Bogdan,false,,,,,https://polmic.pl/en/encyclopedia/subject-entries/c/czapiewski-bogdan-en
Czarnecki Sławomir,true,23rd July 1949,Jelenia Góra,,,https://polmic.pl/en/encyclopedia/subject-entries/c/czarnecki-slawomir-en
Czekaj Teresa Janina,false,,,,,https://polmic.pl/en/encyclopedia/subject-entries/c/czekaj-teresa-janina-en
Czekanowska-Kuklińska Anna,false,25th June 1929,Lviv,18th October 2021,Warsaw,https://polmic.pl/en/encyclopedia/subject-entries/c/czekanowska-kuklinska-anna-en
Czepiel Wojciech,true,,,,,https://polmic.pl/en/encyclopedia/subject-entries/c/czepiel-wojciech-en
Czerniewicz Marek,true,,,,,https://polmic.pl/en/encyclopedia/subject-entries/c/czerniewicz-marek-en
Czerny Edward,true,,,,,https://polmic.pl/en/encyclopedia/subject-entries/c/czerny-edward-en
Czerny-Stefańska Halina,false,,,,,https://polmic.pl/en/encyclopedia/subject-entries/c/czerny-stefanska-halina-en
Czerwiński Krzysztof,false,,,,,https://polmic.pl/en/encyclopedia/subject-entries/c/czerwinski-krzysztof-en
Czubaszek Michał,false,,,,,https://polmic.pl/en/encyclopedia/subject-entries/c/czubaszek-michal-en
Czura Roman,true,,,,,https://polmic.pl/en/encyclopedia/subject-entries/c/czura-roman-en
Czyż Henryk,true,16th June 1923,Grudziądz,16th January 2003,Warsaw,https://polmic.pl/en/encyclopedia/subject-entries/c/czyz-henryk-en
Czyżewski Henryk Stefan,true,15th July 1937,Włodzimierz Wołyński,21 September 2023,Lublin,https://polmic.pl/en/encyclopedia/subject-entries/c/czyzewski-henryk-stefan-en
Dąbek Marianna,false,,,,,https://polmic.pl/en/encyclopedia/subject-entries/d/dabek-marianna-en
Dąbrowska Grażyna,false,28th November 1921,Warsaw,,,https://polmic.pl/en/encyclopedia/subject-entries/d/dabrowska-grazyna-en
Dąbrowska-Rogala Urszula,true,,,,,https://polmic.pl/en/encyclopedia/subject-entries/d/dabrowska-rogala-urszula-en
Dąbrowski Cezary Maciej,false,"March 9, 1968",Skierniewice,,,https://polmic.pl/en/encyclopedia/subject-entries/d/dabrowski-cezary-maciej-en
Dąbrowski Florian,true,2nd May 1913,Rosko near Czarnków on the Noteć River,20th November 2002,Poznań,https://polmic.pl/en/encyclopedia/subject-entries/d/dabrowski-florian-en
Dąbrowski Kazimierz,false,,,,,https://polmic.pl/en/encyclopedia/subject-entries/d/dabrowski-kazimierz-en
Dadak-Kozicka J. Katarzyna,false,,,,,https://polmic.pl/en/encyclopedia/subject-entries/d/dadak-kozicka-j-katarzyna-en
Dahlig Piotr,false,,,,,https://polmic.pl/en/encyclopedia/subject-entries/d/dahlig-piotr-en
Dahlig-Turek Ewa,false,21st July 1958,Warsaw,,,https://polmic.pl/en/encyclopedia/subject-entries/d/dahlig-turek-ewa-en
Dalach Monika,true,,,,,https://polmic.pl/en/encyclopedia/subject-entries/d/dalach-monika-en
Damrosz Ryszard,true,,,,,https://polmic.pl/en/encyclopedia/subject-entries/d/damrosz-ryszard-en
Danczowska Justyna,false,,,,,https://polmic.pl/en/encyclopedia/subject-entries/d/danczowska-justyna-en
Danczowska Kaja,false,25th March 1949,Kraków,,,https://polmic.pl/en/encyclopedia/subject-entries/d/danczowska-kaja-en
Danczowski Dezyderiusz,false,,,,,https://polmic.pl/en/encyclopedia/subject-entries/d/danczowski-dezyderiusz-en
Danecka-Szopowa Krystyna,false,,,,,https://polmic.pl/en/encyclopedia/subject-entries/d/danecka-szopowa-krystyna-en
Danowicz Christian,false,,,,,https://polmic.pl/en/encyclopedia/subject-entries/d/danowicz-christian-en
Daroch Tomasz,false,,,,,https://polmic.pl/en/encyclopedia/subject-entries/d/daroch-tomasz-en
Dastych-Szwarc Elżbieta,false,,,,,https://polmic.pl/en/encyclopedia/subject-entries/d/dastych-szwarc-elzbieta-en
Daszkiewicz Aleksander,false,,,,,https://polmic.pl/en/encyclopedia/subject-entries/d/daszkiewicz-aleksander-en
Dawidow Bogusław,false,,,,,https://polmic.pl/en/encyclopedia/subject-entries/d/dawidow-boguslaw-en
Dębski Krzesimir,true,26 October 1953,Wałbrzych,,,https://polmic.pl/en/encyclopedia/subject-entries/d/debski-krzesimir-en
Dębski Radzimir,true,30 April 1987,Szczecin,,,https://polmic.pl/en/encyclopedia/subject-entries/d/debski-radzimir-en
Dekowski Jan Piotr,false,22nd February 1907,Tomaszów Mazowiecki,20th November 1988,Łódź,https://polmic.pl/en/encyclopedia/subject-entries/d/dekowski-jan-piotr-en
Demowska-Madejska Aleksandra,false,,,,,https://polmic.pl/en/encyclopedia/subject-entries/d/demowska-madejska-aleksandra-en
Deptuch Piotr,false,,,,,https://polmic.pl/en/encyclopedia/subject-entries/d/deptuch-piotr-en
Dera Jakub,true,,,,,https://polmic.pl/en/encyclopedia/subject-entries/d/dera-jakub-en
Diakun Marzena,false,,,,,https://polmic.pl/en/encyclopedia/subject-entries/d/diakun-marzena-en
Didur Adam,false,,,,,https://polmic.pl/en/encyclopedia/subject-entries/d/didur-adam-en
Dixa Tadeusz,true,,,,,https://polmic.pl/en/encyclopedia/subject-entries/d/dixa-tadeusz-en
Długoraj Wojciech (Albert),true,,,,,https://polmic.pl/en/encyclopedia/subject-entries/d/dlugoraj-wojciech-albert-en
Długosz Łukasz,false,,,,,https://polmic.pl/en/encyclopedia/subject-entries/d/dlugosz-lukasz-en
Długosz Magdalena,true,23 March 1954,Cracow,,,https://polmic.pl/en/encyclopedia/subject-entries/d/dlugosz-magdalena-en
Długosz Marek,false,,,,,https://polmic.pl/en/encyclopedia/subject-entries/d/dlugosz-marek-en
Dmochowski Michał,false,,,,,https://polmic.pl/en/encyclopedia/subject-entries/d/dmochowski-michal-en
Dmuchowski Wiktor,false,,,,,https://polmic.pl/en/encyclopedia/subject-entries/d/dmuchowski-wiktor-en
Dobrowolski Andrzej,true,9th September 1921,Lwów (Lvov),8th August 1990,Graz,https://polmic.pl/en/encyclopedia/subject-entries/d/dobrowolski-andrzej-en
Dobrzański Sławomir,false,,,,,https://polmic.pl/en/encyclopedia/subject-entries/d/dobrzanski-slawomir-en
Dobrzański Tadeusz,true,,,,,https://polmic.pl/en/encyclopedia/subject-entries/d/dobrzanski-tadeusz-en
Dobrzyński Ignacy Feliks,true,,,,,https://polmic.pl/en/encyclopedia/subject-entries/d/dobrzynski-ignacy-feliks-en
Dobrzyński Michał,true,24th November 1980,Szczecin,,,https://polmic.pl/en/encyclopedia/subject-entries/d/dobrzynski-michal-en
Domagała Jacek,true,19th August 1947,Szczecinek,,,https://polmic.pl/en/encyclopedia/subject-entries/d/domagala-jacek-en
Domanowski Tadeusz,false,,,,,https://polmic.pl/en/encyclopedia/subject-entries/d/domanowski-tadeusz-en
Domańska Joanna,false,,,,,https://polmic.pl/en/encyclopedia/subject-entries/d/domanska-joanna-en
Domański Edward G.,true,,,,,https://polmic.pl/en/encyclopedia/subject-entries/d/domanski-edward-g-en
Domański Marian,false,,,,,https://polmic.pl/en/encyclopedia/subject-entries/d/domanski-marian-en
Dominiczak Robert,true,,,,,https://polmic.pl/en/encyclopedia/subject-entries/d/dominiczak-robert-en
Domżał Józef,true,"December 11, 2003",Warsaw,,,https://polmic.pl/en/encyclopedia/subject-entries/d/domzal-jozef-en
Ejsmont Piotr,true,,,,,https://polmic.pl/en/encyclopedia/subject-entries/e/ejsmont-piotr-en
Ekier Jan,true,29August 1913,Cracow,,,https://polmic.pl/en/encyclopedia/subject-entries/e/ekier-jan-en
Elsner Józef Antoni Franciszek,true,,,,,https://polmic.pl/en/encyclopedia/subject-entries/e/elsner-jozef-antoni-franciszek-en
Elster Zuzanna,false,,,,,https://polmic.pl/en/encyclopedia/subject-entries/e/elster-zuzanna-en
Erhardt Ludwik,false,,,,,https://polmic.pl/en/encyclopedia/subject-entries/e/erhardt-ludwik-en
Eska Dominika,false,,,,,https://polmic.pl/en/encyclopedia/subject-entries/e/eska-dominika-en
Esztényi Szabolcs,true,20th December 1939,Budapest,29th June 2024,Warsaw,https://polmic.pl/en/encyclopedia/subject-entries/e/esztenyi-szabolcs-en
Fabiańska-Jelińska Ewa,true,13th November 1989,Toruń,,,https://polmic.pl/en/encyclopedia/subject-entries/f/fabianska-jelinska-ewa-en
Falenta Adam,true,"December 17, 2005",Toruń,,,https://polmic.pl/en/encyclopedia/subject-entries/f/falenta-adam-en
Falkiewicz Adam,true,,,,,https://polmic.pl/en/encyclopedia/subject-entries/f/falkiewicz-adam-en
Farcinkiewicz Łukasz,true,21st June 1981,Warsaw,,,https://polmic.pl/en/encyclopedia/subject-entries/f/farcinkiewicz-lukasz-en
Feicht Hieronim,false,,,,,https://polmic.pl/en/encyclopedia/subject-entries/f/feicht-hieronim-en
Ficek Przemysław,false,,,,,https://polmic.pl/en/encyclopedia/subject-entries/f/ficek-przemyslaw-en
Filonowicz Piotr,false,,,,,https://polmic.pl/en/encyclopedia/subject-entries/f/filonowicz-piotr-en
Filus Sylvia,true,,,,,https://polmic.pl/en/encyclopedia/subject-entries/f/filus-sylvia-en
Fitelberg Grzegorz,true,"October 18, 1879",Daugavpils (Latvia),"June 10, 1953",Katowice,https://polmic.pl/en/encyclopedia/subject-entries/f/fitelberg-grzegorz-en
Fitelberg Jerzy,true,,,,,https://polmic.pl/en/encyclopedia/subject-entries/f/fitelberg-jerzy-en
Fiugajski Przemysław,false,,,,,https://polmic.pl/en/encyclopedia/subject-entries/f/fiugajski-przemyslaw-en
Florczyk Janusz,true,,,,,https://polmic.pl/en/encyclopedia/subject-entries/f/florczyk-janusz-en
Florêncio Junior José Maria,false,,,,,https://polmic.pl/en/encyclopedia/subject-entries/f/florencio-junior-jose-maria-en
Foltyn Adrian,true,22nd April 1978,Wrocław,,,https://polmic.pl/en/encyclopedia/subject-entries/f/foltyn-adrian-en
Fołtyn Maria,false,,,,,https://polmic.pl/en/encyclopedia/subject-entries/f/foltyn-maria-en
Fontana Julian,true,,,,,https://polmic.pl/en/encyclopedia/subject-entries/f/fontana-julian-en
Forma Anna,false,,,,,https://polmic.pl/en/encyclopedia/subject-entries/f/forma-anna-en
Fotek Jan,true,28th November 1928,Czerwińsk on the Vistula,,,https://polmic.pl/en/encyclopedia/subject-entries/f/fotek-jan-en
Frąckiewicz Maciej,false,24th November 1988,Białystok,,,https://polmic.pl/en/encyclopedia/subject-entries/f/frackiewicz-maciej-en
Frakstein Józef,false,,,,,https://polmic.pl/en/encyclopedia/subject-entries/f/frakstein-jozef-en
Frenkel Stefan,true,,,,,https://polmic.pl/en/encyclopedia/subject-entries/f/frenkel-stefan-en
Freszel Joanna,false,,,,,https://polmic.pl/en/encyclopedia/subject-entries/f/freszel-joanna-en
Friemann Witold,true,20th August 1889,Konin,22nd March 1977,Laski near Warsaw,https://polmic.pl/en/encyclopedia/subject-entries/f/friemann-witold-en
Gąbka Wojciech,false,,,,,https://polmic.pl/en/encyclopedia/subject-entries/g/gabka-wojciech-en
Gabryś Aleksander,true,,,,,https://polmic.pl/en/encyclopedia/subject-entries/g/gabrys-aleksander-en
Gabryś Ryszard,true,,,,,https://polmic.pl/en/encyclopedia/subject-entries/g/gabrys-ryszard-en
Gabrysiewicz Paweł,true,,,,,https://polmic.pl/en/encyclopedia/subject-entries/g/gabrysiewicz-pawel-en
Gabzdyl Justyna,false,,,,,https://polmic.pl/en/encyclopedia/subject-entries/g/gabzdyl-justyna-en
Gadomski Henryk,true,,,,,https://polmic.pl/en/encyclopedia/subject-entries/g/gadomski-henryk-en
Gadzina Tadeusz,false,,,,,https://polmic.pl/en/encyclopedia/subject-entries/g/gadzina-tadeusz-en
Gajecka-Antosiewicz Aleksandra,false,,,,,https://polmic.pl/en/encyclopedia/subject-entries/g/gajecka-antosiewicz-aleksandra-en
Gajewska Elżbieta,false,,,,,https://polmic.pl/en/encyclopedia/subject-entries/g/gajewska-elzbieta-en
Gan Piotr,false,,,,,https://polmic.pl/en/encyclopedia/subject-entries/g/gan-piotr-en
Gancarczyk Paweł,false,,,,,https://polmic.pl/en/encyclopedia/subject-entries/g/gancarczyk-pawel-en
Garbacz Jakub,false,,,,,https://polmic.pl/en/encyclopedia/subject-entries/g/garbacz-jakub-en
Garbacz Joanna,false,,,,,https://polmic.pl/en/encyclopedia/subject-entries/g/garbacz-joanna-en
Garbal Aleksandra,true,3rd April 1970,Wielowieś near Gliwice,,,https://polmic.pl/en/encyclopedia/subject-entries/g/garbal-aleksandra-en
Garścia Janina,true,,,,,https://polmic.pl/en/encyclopedia/subject-entries/g/garscia-janina-en
Garztecka-Jarzębska Irena,true,,,,,https://polmic.pl/en/encyclopedia/subject-entries/g/garztecka-jarzebska-irena-en
Gąsiorowska Małgorzata,false,,,,,https://polmic.pl/en/encyclopedia/subject-entries/g/gasiorowska-malgorzata-en
Gawlas Krzysztof,true,,,,,https://polmic.pl/en/encyclopedia/subject-entries/g/gawlas-krzysztof-en
Gawroński Mieczysław,false,,,,,https://polmic.pl/en/encyclopedia/subject-entries/g/gawronski-mieczyslaw-en
Gębski Andrzej,false,,,,,https://polmic.pl/en/encyclopedia/subject-entries/g/gebski-andrzej-en
Geiger Wacław,true,,,,,https://polmic.pl/en/encyclopedia/subject-entries/g/geiger-waclaw-en
Gelbrun Artur,true,,,,,https://polmic.pl/en/encyclopedia/subject-entries/g/gelbrun-artur-en
Gembalski Julian,false,,,,,https://polmic.pl/en/encyclopedia/subject-entries/g/gembalski-julian-en
Gierlach Wojciech,false,,,,,https://polmic.pl/en/encyclopedia/subject-entries/g/gierlach-wojciech-en
Gierżod Kazimierz,false,,,,,https://polmic.pl/en/encyclopedia/subject-entries/g/gierzod-kazimierz-en
Gimpel Bronisław,false,,,,,https://polmic.pl/en/encyclopedia/subject-entries/g/gimpel-bronislaw-en
Gizbert-Studnicka Bogumiła,false,,,,,https://polmic.pl/en/encyclopedia/subject-entries/g/gizbert-studnicka-bogumila-en
Gliniak Bartłomiej,true,,,,,https://polmic.pl/en/encyclopedia/subject-entries/g/gliniak-bartlomiej-en
Glinka Beata Iwona,false,,,,,https://polmic.pl/en/encyclopedia/subject-entries/g/glinka-beata-iwona-en
Glinkowski Aleksander,true,,,,,https://polmic.pl/en/encyclopedia/subject-entries/g/glinkowski-aleksander-en
Głowicka Katarzyna,true,,,,,https://polmic.pl/en/encyclopedia/subject-entries/g/glowicka-katarzyna-en
Głowski Eugeniusz,true,,,,,https://polmic.pl/en/encyclopedia/subject-entries/g/glowski-eugeniusz-en
Głuch Marcin Dominik,true,7 May 1973,Warsaw,,,https://polmic.pl/en/encyclopedia/subject-entries/g/gluch-marcin-dominik-en
Gniot Walerian,true,,,,,https://polmic.pl/en/encyclopedia/subject-entries/g/gniot-walerian-en
Godlewski Mariusz,false,,,,,https://polmic.pl/en/encyclopedia/subject-entries/g/godlewski-mariusz-en
Godyla Łukasz,true,28th March 1985,Mikstat,,,https://polmic.pl/en/encyclopedia/subject-entries/g/godyla-lukasz-en
Godziemba-Trytek Szymon,true,21st February 1988,Bielsko-Biała,,,https://polmic.pl/en/encyclopedia/subject-entries/g/godziemba-trytek-szymon-en
Godziszewski Jerzy,false,,,,,https://polmic.pl/en/encyclopedia/subject-entries/g/godziszewski-jerzy-en
Gołąb Maciej,false,,,,,https://polmic.pl/en/encyclopedia/subject-entries/g/golab-maciej-en
Golec Beata Elżbieta,true,,,,,https://polmic.pl/en/encyclopedia/subject-entries/g/golec-beata-e-en
Gołembiowski Jarosław,true,"February 10, 1958",Bielsko-Biała,,,https://polmic.pl/en/encyclopedia/subject-entries/g/golembiowski-jaroslaw-en
Gołos Jerzy,false,,,,,https://polmic.pl/en/encyclopedia/subject-entries/g/golos-jerzy-en
Gomółka Mikołaj,true,,,,,https://polmic.pl/en/encyclopedia/subject-entries/g/gomolka-mikolaj-en
Gorczyca Grzegorz,false,,,,,https://polmic.pl/en/encyclopedia/subject-entries/g/gorczyca-grzegorz-en
Gorczycki (Gorczyca) Grzegorz Gerwazy,true,,,,,https://polmic.pl/en/encyclopedia/subject-entries/g/gorczycki-gorczyca-grzegorz-gerwazy-en
Górczyński Michał,false,,,,,https://polmic.pl/en/encyclopedia/subject-entries/g/gorczynski-michal-en
Gordiejuk Marian,true,,,,,https://polmic.pl/en/encyclopedia/subject-entries/g/gordiejuk-marian-en
Górecka Anna,false,,,,,https://polmic.pl/en/encyclopedia/subject-entries/g/gorecka-anna-en
Górecki Henryk Mikołaj,true,6th December 1933,Czernica (near Rybnik),12th November 2010,,https://polmic.pl/en/encyclopedia/subject-entries/g/gorecki-henryk-mikolaj-en
Górecki Mikołaj Piotr,true,,,,,https://polmic.pl/en/encyclopedia/subject-entries/g/gorecki-mikolaj-piotr-en
Gorgoń Robert,true,,,,,https://polmic.pl/en/encyclopedia/subject-entries/g/gorgon-robert-en
Gorzycki Rafał,true,,,,,https://polmic.pl/en/encyclopedia/subject-entries/g/gorzycki-rafal-en
Górzyński Zdzisław,false,,,,,https://polmic.pl/en/encyclopedia/subject-entries/g/gorzynski-zdzislaw-en
Graca Zbigniew,false,,,,,https://polmic.pl/en/encyclopedia/subject-entries/g/graca-zbigniew-en
Gradstein Alfred,true,,,,,https://polmic.pl/en/encyclopedia/subject-entries/g/gradstein-alfred-en
Grajter Piotr,true,,,,,https://polmic.pl/en/encyclopedia/subject-entries/g/grajter-piotr-en
Grella-Możejko Piotr,true,15 March 1961,Bytom,,,https://polmic.pl/en/encyclopedia/subject-entries/g/grella-mozejko-piotr-en
Grigaitis Walter,true,,,,,https://polmic.pl/en/encyclopedia/subject-entries/g/grigaitis-walter-en
Grinholc Piotr,true,,,,,https://polmic.pl/en/encyclopedia/subject-entries/g/grinholc-piotr-en
Gronau Alicja,true,7th December 1957,Warsaw,,,https://polmic.pl/en/encyclopedia/subject-entries/g/gronau-alicja-en
Gronowicz Michał,true,,,,,https://polmic.pl/en/encyclopedia/subject-entries/g/gronowicz-michal-en
Grubba Gedymin,true,17th July 1981,Gdansk,,,https://polmic.pl/en/encyclopedia/subject-entries/g/grubba-gedymin-en
Grubich Joachim,false,,,,,https://polmic.pl/en/encyclopedia/subject-entries/g/grubich-joachim-en
Grudzień Jacek,true,7th December 1961,Warsaw,,,https://polmic.pl/en/encyclopedia/subject-entries/g/grudzien-jacek-en
Grudziński Czesław,true,,,,,https://polmic.pl/en/encyclopedia/subject-entries/g/grudzinski-czeslaw-en
Gruszczyńska-Ziółkowska Anna,false,9th July 1956,Warsaw,,,https://polmic.pl/en/encyclopedia/subject-entries/g/gruszczynska-ziolkowska-anna-en
Gruszczyński Stanisław,false,,,,,https://polmic.pl/en/encyclopedia/subject-entries/g/gruszczynski-stanislaw-en
Grychtołówna Lidia,false,,,,,https://polmic.pl/en/encyclopedia/subject-entries/g/grychtolowna-lidia-en
Gryka Aleksandra,true,17th May 1977,Warsaw,,,https://polmic.pl/en/encyclopedia/subject-entries/g/gryka-aleksandra-en
Gryska Piotr,true,,,,,https://polmic.pl/en/encyclopedia/subject-entries/g/gryska-piotr-en
Grząka Rafał,false,,,,,https://polmic.pl/en/encyclopedia/subject-entries/g/grzaka-rafal-en
Grzenkowicz Izabella,false,,,,,https://polmic.pl/en/encyclopedia/subject-entries/g/grzenkowicz-izabella-en
Grzeszczak Krzysztof,true,,,,,https://polmic.pl/en/encyclopedia/subject-entries/g/grzeszczak-krzysztof-en
Grzybowski Maciej,false,,,,,https://polmic.pl/en/encyclopedia/subject-entries/g/grzybowski-maciej-en
Grzybowski Zbigniew Sylwan,false,,,,,https://polmic.pl/en/encyclopedia/subject-entries/g/grzybowski-zbigniew-sylwan-en
Grzywacz Janusz,true,13th May 1947,Zakopane,,,https://polmic.pl/en/encyclopedia/subject-entries/g/grzywacz-janusz-en
Gul Joanna,false,,,,,https://polmic.pl/en/encyclopedia/subject-entries/g/gul-joanna-en
Gumiela Marcin,true,,,,,https://polmic.pl/en/encyclopedia/subject-entries/g/gumiela-marcin-en
Gusnar Paweł,false,,,,,https://polmic.pl/en/encyclopedia/subject-entries/g/gusnar-pawel-en
Guzowski Kazimierz,true,,,,,https://polmic.pl/en/encyclopedia/subject-entries/g/guzowski-kazimierz-en
Gwizdalanka Danuta,false,,,,,https://polmic.pl/en/encyclopedia/subject-entries/g/gwizdalanka-danuta-en
Hajda Ewelina,false,,,,,https://polmic.pl/en/encyclopedia/subject-entries/h/hajda-ewelina-en
Hajduk Anna,false,,,,,https://polmic.pl/en/encyclopedia/subject-entries/h/hajduk-anna-en
Hans Olga,true,,,,,https://polmic.pl/en/encyclopedia/subject-entries/h/hans-olga-en
Harasiewicz Adam,false,,,,,https://polmic.pl/en/encyclopedia/subject-entries/h/harasiewicz-adam-en
Harasimowicz Bożena,false,,,,,https://polmic.pl/en/encyclopedia/subject-entries/h/harasimowicz-bozena-en
Has Stanisław,true,,,,,https://polmic.pl/en/encyclopedia/subject-entries/h/has-stanislaw-en
Haubenstock-Ramati Roman,true,27th February 1919,Kraków,3rd March 1994,Vienna,https://polmic.pl/en/encyclopedia/subject-entries/h/haubenstock-ramati-roman-en
Haufa Jakub,false,,,,,https://polmic.pl/en/encyclopedia/subject-entries/h/haufa-jakub-en
Hawel Jan Wincenty,true,10th July 1936,Pszów near Wodzisław in Upper Silesia,,,https://polmic.pl/en/encyclopedia/subject-entries/h/hawel-jan-wincenty-en
Helman Zofia,false,,,,,https://polmic.pl/en/encyclopedia/subject-entries/h/helman-zofia-en
Hendrich Paweł,true,21st April 1979,Wrocław,,,https://polmic.pl/en/encyclopedia/subject-entries/h/hendrich-pawel-en
Herdzin Krzysztof,true,21st May 1970,Bydgoszcz,,,https://polmic.pl/en/encyclopedia/subject-entries/h/herdzin-krzysztof-en
Hernas Czesław,false,12th July 1928,Sokal,11th December 2003,Wrocław,https://polmic.pl/en/encyclopedia/subject-entries/h/hernas-czeslaw-en
Hertel Piotr,true,,,,,https://polmic.pl/en/encyclopedia/subject-entries/h/hertel-piotr-en
Herzyk Wojciech,false,,,,,https://polmic.pl/en/encyclopedia/subject-entries/h/herzyk-wojciech-en
Hesse-Bukowska Barbara,false,,,,,https://polmic.pl/en/encyclopedia/subject-entries/h/hesse-bukowska-barbara-en
Hiolski Andrzej,false,,,,,https://polmic.pl/en/encyclopedia/subject-entries/h/hiolski-andrzej-en
Hoffman Jan,false,,,,,https://polmic.pl/en/encyclopedia/subject-entries/h/hoffman-jan-en
Hofmann Józef,true,,,,,https://polmic.pl/en/encyclopedia/subject-entries/h/hofman-jozef-en
Horna Robert,false,,,,,https://polmic.pl/en/encyclopedia/subject-entries/h/horna-robert-en
Horszowski Mieczysław,false,,,,,https://polmic.pl/en/encyclopedia/subject-entries/h/horszowski-mieczyslaw-en
Hossa Iwona,false,,,,,https://polmic.pl/en/encyclopedia/subject-entries/h/hossa-iwona-en
Hruszwicki Paweł,false,,,,,https://polmic.pl/en/encyclopedia/subject-entries/h/hruszwicki-pawel-en
Huberman Bronisław,false,,,,,https://polmic.pl/en/encyclopedia/subject-entries/h/huberman-bronislaw-en
Hundziak Andrzej,true,,,,,https://polmic.pl/en/encyclopedia/subject-entries/h/hundziak-andrzej-en
Hussar Małgorzata,true,,,,,https://polmic.pl/en/encyclopedia/subject-entries/h/hussar-malgorzata-en
Huszcza Anna Maria,true,23rd March 1987,Rzeszów,,,https://polmic.pl/en/encyclopedia/subject-entries/h/huszcza-anna-maria-en
Idaszak Danuta,false,,,,,https://polmic.pl/en/encyclopedia/subject-entries/i/idaszak-danuta-en
Ignatowicz-Glińska Anna,true,26th May 1968,Warsaw,,,https://polmic.pl/en/encyclopedia/subject-entries/i/ignatowicz-glinska-anna-en
Ilgner Bogusława,true,,,,,https://polmic.pl/en/encyclopedia/subject-entries/i/ilgner-boguslawa-en
Imiełowska Dorota,false,,,,,https://polmic.pl/en/encyclopedia/subject-entries/i/imielowska-dorota-en
Isphording Gośka,false,,,,,https://polmic.pl/en/encyclopedia/subject-entries/i/isphording-goska-en
Iżykowska Ewa,false,,,,,https://polmic.pl/en/encyclopedia/subject-entries/i/izykowska-klosiewicz-ewa-en
Iżykowski Roman,true,,,,,https://polmic.pl/en/encyclopedia/subject-entries/i/izykowski-roman-en
Jabłońska Daria,true,,,,,https://polmic.pl/en/encyclopedia/subject-entries/j/jablonska-daria-en
Jabłoński Henryk Hubertus,true,,,,,https://polmic.pl/en/encyclopedia/subject-entries/j/jablonski-henryk-hubertus-en
Jabłoński Krzysztof,false,,,,,https://polmic.pl/en/encyclopedia/subject-entries/j/jablonski-krzysztof-en
Jabłoński Maciej,true,29th July 1974,Golub-Dobrzyń,,,https://polmic.pl/en/encyclopedia/subject-entries/j/jablonski-maciej-en
Jabłoński Maciej,false,,,,,https://polmic.pl/en/encyclopedia/subject-entries/j/jablonski-maciej-muzykolog-en
Jabłoński Roman,false,,,,,https://polmic.pl/en/encyclopedia/subject-entries/j/jablonski-roman-en
Jabri Zaid,true,,,,,https://polmic.pl/en/encyclopedia/subject-entries/j/jabri-zaid-en
Jachim Marcin,true,,,,,https://polmic.pl/en/encyclopedia/subject-entries/j/jachim-marcin-en
Jachimecki Zdzisław,false,,,,,https://polmic.pl/en/encyclopedia/subject-entries/j/jachimecki-zdzislaw-en
Jachnina Anna,false,,,,,https://polmic.pl/en/encyclopedia/subject-entries/j/jachnina-anna-en
Jack Dagmara,true,,,,,https://polmic.pl/en/encyclopedia/subject-entries/j/jack-dagmara-en
Jackowski Jacek,false,,,,,https://polmic.pl/en/encyclopedia/subject-entries/j/jackowski-jacek-en
Jahnke Zdzisław,false,,,,,https://polmic.pl/en/encyclopedia/subject-entries/j/jahnke-zdzislaw-en
Jakajtis Ludwik,true,7th September 1904,Kaunas [now Lithuania],15th January 1987,Szczecin,https://polmic.pl/en/encyclopedia/subject-entries/j/jakajtis-ludwik-en
Jakowicz Jakub,false,,,,,https://polmic.pl/en/encyclopedia/subject-entries/j/jakowicz-jakub-en
Jakowicz Krzysztof,false,,,,,https://polmic.pl/en/encyclopedia/subject-entries/j/jakowicz-krzysztof-en
Jamroz Krystyna,false,,,,,https://polmic.pl/en/encyclopedia/subject-entries/j/jamroz-krystyna-en
Janas Paweł,true,,,,,https://polmic.pl/en/encyclopedia/subject-entries/j/janas-pawel-en
Janczak Krzysztof Aleksander,true,,,,,https://polmic.pl/en/encyclopedia/subject-entries/j/janczak-krzysztof-aleksander-en
Janiak Rafał,true,2nd June 1986,Olsztyn,,,https://polmic.pl/en/encyclopedia/subject-entries/j/janiak-rafal-en
Janiszewski Jacek,false,,,,,https://polmic.pl/en/encyclopedia/subject-entries/j/janiszewski-jacek-en
Jankowski Igor,true,23rd November 1983,Minsk,,,https://polmic.pl/en/encyclopedia/subject-entries/j/jankowski-igor-en
Janocha Michał,true,"February 7, 1990",Łowicz,,,https://polmic.pl/en/encyclopedia/subject-entries/j/janocha-michal-en
Janosik Piotr Jan,false,,,,,https://polmic.pl/en/encyclopedia/subject-entries/j/janosik-piotr-jan-en
Janowski Piotr,false,,,,,https://polmic.pl/en/encyclopedia/subject-entries/j/janowski-piotr-en
Janulytė Justė,true,,,,,https://polmic.pl/en/encyclopedia/subject-entries/j/janulyte-juste-en
Januszkiewicz Maria,false,,,,,https://polmic.pl/en/encyclopedia/subject-entries/j/januszkiewicz-maria-en
Jarecki Henryk,true,,,,,https://polmic.pl/en/encyclopedia/subject-entries/j/jarecki-henryk-en
Jarecki Tadeusz,true,,,,,https://polmic.pl/en/encyclopedia/subject-entries/j/jarecki-tadeusz-en
Jargoń Jan,true,23rd June 1928,Pawłów,31 October 1995,Kraków,https://polmic.pl/en/encyclopedia/subject-entries/j/jargon-jan-en
Jarmołowicz Bogdan,true,,,,,https://polmic.pl/en/encyclopedia/subject-entries/j/jarmolowicz-bogdan-en
Jarosz Lubomir,false,,,,,https://polmic.pl/en/encyclopedia/subject-entries/j/jarosz-lubomir-en
Jaroszewska Karolina,false,,,,,https://polmic.pl/en/encyclopedia/subject-entries/j/jaroszewska-karolina-en
Jarzębski Adam,true,,,,,https://polmic.pl/en/encyclopedia/subject-entries/j/jarzebski-adam-en
Jarzyński Dawid,true,,,,,https://polmic.pl/en/encyclopedia/subject-entries/j/jarzynski-dawid-en
Jasińska-Jędrosz Elżbieta,false,,,,,https://polmic.pl/en/encyclopedia/subject-entries/j/jasinska-jedrosz-elzbieta-en
Jasiński Andrzej,false,,,,,https://polmic.pl/en/encyclopedia/subject-entries/j/jasinski-andrzej-en
Jasiński Marek,true,10th Sept. 1949,Stargard Szczeciński,15th February 2010,Cluj-Napoca (Romania),https://polmic.pl/en/encyclopedia/subject-entries/j/jasinski-marek-en
Jasiński Roman,false,,,,,https://polmic.pl/en/encyclopedia/subject-entries/j/jasinski-roman-en
Jasiński Tomasz,false,,,,,https://polmic.pl/en/encyclopedia/subject-entries/j/jasinski-tomasz-en
Jaskot Dobromiła,true,29th May 1981,Toruń,,,https://polmic.pl/en/encyclopedia/subject-entries/j/jaskot-dobromila-en
Jastrzębska Anna Danuta,true,,,,,https://polmic.pl/en/encyclopedia/subject-entries/j/jastrzebska-anna-danuta-en
Jaźwińska (Jazwinski) Barbara,true,,,,,https://polmic.pl/en/encyclopedia/subject-entries/j/jazwinska-jazwinski-barbara-en
Jędrzejewska Anna,true,27th February 1971,Wrocław,,,https://polmic.pl/en/encyclopedia/subject-entries/j/jedrzejewska-anna-en
Jędrzejewski Janusz,true,,,,,https://polmic.pl/en/encyclopedia/subject-entries/j/jedrzejewski-janusz-en
Jędrzejewski Robert,true,,,,,https://polmic.pl/en/encyclopedia/subject-entries/j/jedrzejewski-robert-en
Jeliński Wojciech,false,,,,,https://polmic.pl/en/encyclopedia/subject-entries/j/jelinski-wojciech-en
Kabalewski Władysław,true,,,,,https://polmic.pl/en/encyclopedia/subject-entries/k/kabalewski-wladyslaw-en
Kaban Teresa,false,,,,,https://polmic.pl/en/encyclopedia/subject-entries/k/kaban-teresa-en
Kabara Robert,false,,,,,https://polmic.pl/en/encyclopedia/subject-entries/k/kabara-robert-en
Kaczka Krzysztof,false,16th May 1977,Torun,,,https://polmic.pl/en/encyclopedia/subject-entries/k/kaczka-krzysztof-en
Kaczmarek-Bialic Agnieszka,false,,,,,https://polmic.pl/en/encyclopedia/subject-entries/k/kaczmarek-bialic-agnieszka-en
Kaczorowski Sławomir,true,14th March 1956,Łódź,,,https://polmic.pl/en/encyclopedia/subject-entries/k/kaczorowski-slawomir-en
Kaczyński Adam,true,,,,,https://polmic.pl/en/encyclopedia/subject-entries/k/kaczynski-adam-en
Kaczyński Bogusław,false,,,,,https://polmic.pl/en/encyclopedia/subject-entries/k/kaczynski-boguslaw-en
Kahl Janusz,true,,,,,https://polmic.pl/en/encyclopedia/subject-entries/k/kahl-janusz-en
Kałamarz Wojciech,true,,,,,https://polmic.pl/en/encyclopedia/subject-entries/k/kalamarz-wojciech-en
Kalina Piotr,false,,,,,https://polmic.pl/en/encyclopedia/subject-entries/k/kalina-piotr-en
Kalinowski Jan,false,,,,,https://polmic.pl/en/encyclopedia/subject-entries/k/kalinowski-jan-en
Kaliszewska Jadwiga,false,,,,,https://polmic.pl/en/encyclopedia/subject-entries/k/kaliszewska-jadwiga-en
Kamasa Paweł,false,17th March 1963,Warsaw,,,https://polmic.pl/en/encyclopedia/subject-entries/k/kamasa-pawel-en
Kamasa Stefan,false,,,,,https://polmic.pl/en/encyclopedia/subject-entries/k/kamasa-stefan-en
Kamieński Łucjan,true,,,,,https://polmic.pl/en/encyclopedia/subject-entries/k/kamienski-lucjan-en
Kamińska Teresa,false,,,,,https://polmic.pl/en/encyclopedia/subject-entries/k/kaminska-teresa-en
Kamionka Wojciech,false,,,,,https://polmic.pl/en/encyclopedia/subject-entries/k/kamionka-wojciech-en
Kandulski Tomasz,false,,,,,https://polmic.pl/en/encyclopedia/subject-entries/k/kandulski-tomasz-en
Kaniowska Małgorzata,true,,,,,https://polmic.pl/en/encyclopedia/subject-entries/k/kaniowska-malgorzata-en
Kapelański Maksymilian,false,,,,,https://polmic.pl/en/encyclopedia/subject-entries/k/kapelanski-maksymilian-en
Kaper Bronisław [Bronislau],true,,,,,https://polmic.pl/en/encyclopedia/subject-entries/k/kaper-bronislaw-bronislau-en
Kapuściński Jarosław,true,,,,,https://polmic.pl/en/encyclopedia/subject-entries/k/kapuscinski-jaroslaw-en
Kapustka Józef,false,,,,,https://polmic.pl/en/encyclopedia/subject-entries/k/kapustka-jozef-en
Karałow Andrzej,true,11th January 1991,Łódź,,,https://polmic.pl/en/encyclopedia/subject-entries/k/karalow-andrzej-en
Karczykowski Ryszard,false,,,,,https://polmic.pl/en/encyclopedia/subject-entries/k/karczykowski-ryszard-en
Karczyński Aleksander,true,,,,,https://polmic.pl/en/encyclopedia/subject-entries/k/karczynski-aleksander-en
Karłowicz Mieczysław,true,11th Dec. 1876,Wiszniewo,8th Feb. 1909,the Tatra,https://polmic.pl/en/encyclopedia/subject-entries/k/karlowicz-mieczyslaw-en
Karpeta Piotr,false,,,,,https://polmic.pl/en/encyclopedia/subject-entries/k/karpeta-piotr-en
Karski Dominik,true,24th June 1972,Szczebrzeszyn,,,https://polmic.pl/en/encyclopedia/subject-entries/k/karski-dominik-en
Kaspszyk Jacek,false,,,,,https://polmic.pl/en/encyclopedia/subject-entries/k/kaspszyk-jacek-en
Kassern Tadeusz Zygfryd,true,,,,,https://polmic.pl/en/encyclopedia/subject-entries/k/kassern-tadeusz-zygfryd-en
Kasztelan Wacław,true,,,,,https://polmic.pl/en/encyclopedia/subject-entries/k/kasztelan-waclaw-en
Kaszuba Barbara,true,,,,,https://polmic.pl/en/encyclopedia/subject-entries/k/kaszuba-barbara-en
Kaszycki Jerzy,true,,,,,https://polmic.pl/en/encyclopedia/subject-entries/k/kaszycki-jerzy-en
Kaszycki Lucjan,true,,,,,https://polmic.pl/en/encyclopedia/subject-entries/k/kaszycki-lucjan-en
Kataszek Szymon,true,,,,,https://polmic.pl/en/encyclopedia/subject-entries/k/kataszek-szymon-en
Katlewicz Jerzy,false,2nd April 1927,Bochnia,16th November 2015,Kraków,https://polmic.pl/en/encyclopedia/subject-entries/k/katlewicz-jerzy-en
Kątski Antoni,true,,,7th December 1899,Ivanchytsi (Ukraine),https://polmic.pl/en/encyclopedia/subject-entries/k/katski-antoni-en
Kątski Apolinary,true,,,,,https://polmic.pl/en/encyclopedia/subject-entries/k/katski-apolinary-en
Katyńska Anna,false,,,,,https://polmic.pl/en/encyclopedia/subject-entries/k/katynska-anna-en
Kawalla Bronisława,false,,,,,https://polmic.pl/en/encyclopedia/subject-entries/k/kawalla-bronislawa-en
Kawalla Szymon,true,,,,,https://polmic.pl/en/encyclopedia/subject-entries/k/kawalla-szymon-en
Kawecka Antonina,false,,,,,https://polmic.pl/en/encyclopedia/subject-entries/k/kawecka-antonina-en
Kazuro Stanisław,true,,,,,https://polmic.pl/en/encyclopedia/subject-entries/k/kazuro-stanislaw-en
Kędracki Leszek,false,,,,,https://polmic.pl/en/encyclopedia/subject-entries/k/kedracki-leszek-en
Kędziora Monika,true,25th June 1971,Ostrów Wielkopolski,,,https://polmic.pl/en/encyclopedia/subject-entries/k/kedziora-monika-en
Kennedy Nigel,false,,,,,https://polmic.pl/en/encyclopedia/subject-entries/k/kennedy-nigel-en
Kęska Gajusz,false,,,,,https://polmic.pl/en/encyclopedia/subject-entries/k/keska-gajusz-en
Kielar-Długosz Agata,false,,,,,https://polmic.pl/en/encyclopedia/subject-entries/k/kielar-dlugosz-agata-en
Kielar-Zachłod Joanna,false,,,,,https://polmic.pl/en/encyclopedia/subject-entries/k/kielar-joanna-en
Kiełb Krystian,true,,,,,https://polmic.pl/en/encyclopedia/subject-entries/k/kielb-krystian-en
Kiepura Jan,false,,,,,https://polmic.pl/en/encyclopedia/subject-entries/k/kiepura-jan-en
Kierner Stanisław,false,,,,,https://polmic.pl/en/encyclopedia/subject-entries/k/kierner-stanislaw-en
Kiesewetter Tomasz,true,8th September 1911,Sosnowiec,29th November 1992,Łódź,https://polmic.pl/en/encyclopedia/subject-entries/k/kiesewetter-tomasz-en
Kilanowicz Zofia,false,,,,,https://polmic.pl/en/encyclopedia/subject-entries/k/kilanowicz-zofia-en
Kilar Wojciech,true,17 July 1932,Lviv,29 December 2013,Katowice,https://polmic.pl/en/encyclopedia/subject-entries/k/kilar-wojciech-en
Kisiel Iwona,true,,,,,https://polmic.pl/en/encyclopedia/subject-entries/k/kisiel-iwona-en
Kisielewski Stefan,true,7th March 1911,Warsaw,27th Sept. 1991,Warsaw,https://polmic.pl/en/encyclopedia/subject-entries/k/kisielewski-stefan-en
Klauza Michał,false,,,,,https://polmic.pl/en/encyclopedia/subject-entries/k/klauza-michal-en
Klechniowska Anna Maria,true,15th April 1888,Borowka,26th August 1973,Warsaw,https://polmic.pl/en/encyclopedia/subject-entries/k/klechniowska-anna-maria-en
Klecki Paweł,true,,,,,https://polmic.pl/en/encyclopedia/subject-entries/k/klecki-pawel-en
Klejne Henryk,true,,,,,https://polmic.pl/en/encyclopedia/subject-entries/k/klejne-henryk-en
Kleszczewski Andrzej,false,,,,,https://polmic.pl/en/encyclopedia/subject-entries/k/kleszczewski-andrzej-en
Klima Szymon,false,,,,,https://polmic.pl/en/encyclopedia/subject-entries/k/klima-szymon-en
Klimek Piotr,true,,,,,https://polmic.pl/en/encyclopedia/subject-entries/k/klimek-piotr-en
Klisowski Ryszard Mieczysław,true,29th October 1937,Łuck,,,https://polmic.pl/en/encyclopedia/subject-entries/k/klisowski-ryszard-mieczyslaw-en
Klocek Adam,true,,,,,https://polmic.pl/en/encyclopedia/subject-entries/k/klocek-adam-en
Kłoczko Rafał,true,,,,,https://polmic.pl/en/encyclopedia/subject-entries/k/kloczko-rafal-en
Klonowski Czesław,false,,,,,https://polmic.pl/en/encyclopedia/subject-entries/k/klonowski-czeslaw-en
Kłosiewicz Władysław,false,,,,,https://polmic.pl/en/encyclopedia/subject-entries/k/klosiewicz-wladyslaw-en
Kłosińska Izabela,false,"November 13, 1958",Warsaw,,,https://polmic.pl/en/encyclopedia/subject-entries/k/klosinska-izabela-en
Klukowski Józef Tadeusz,true,,,,,https://polmic.pl/en/encyclopedia/subject-entries/k/klukowski-jozef-tadeusz-en
Kluzowicz Michał,true,,,,,https://polmic.pl/en/encyclopedia/subject-entries/k/kluzowicz-michal-en
Kmieć Urszula,false,,,,,https://polmic.pl/en/encyclopedia/subject-entries/k/kmiec-urszula-en
Knapik Eugeniusz,true,9th July 1951,Ruda Śląska,,,https://polmic.pl/en/encyclopedia/subject-entries/k/knapik-eugeniusz-en
Knetig Jerzy,false,,,,,https://polmic.pl/en/encyclopedia/subject-entries/k/knetig-jerzy-en
Knittel Krzysztof,true,"May 1, 1947",Warsaw,,,https://polmic.pl/en/encyclopedia/subject-entries/k/knittel-krzysztof-en
Kobiałka Mateusz,true,15th February 1978,Cracow,,,https://polmic.pl/en/encyclopedia/subject-entries/k/kobialka-mateusz-en
Kochan Jacek,false,,,,,https://polmic.pl/en/encyclopedia/subject-entries/k/kochan-jacek-en
Kochaniec Konstancja,true,,,,,https://polmic.pl/en/encyclopedia/subject-entries/k/kochaniec-konstancja-en
Kochański Paweł,false,,,,,https://polmic.pl/en/encyclopedia/subject-entries/k/kochanski-pawel-en
Koczalski Raul,true,,,,,https://polmic.pl/en/encyclopedia/subject-entries/k/koczalski-raul-en
Koczur Maciej,false,,,,,https://polmic.pl/en/encyclopedia/subject-entries/k/koczur-maciej-en
Koffler Józef,true,28th November 1896,Stryj (now the Ukraine),,,https://polmic.pl/en/encyclopedia/subject-entries/k/koffler-jozef-en
Kolberg Henryk Oskar,true,,,,,https://polmic.pl/en/encyclopedia/subject-entries/k/kolberg-henryk-oskar-en
Kołcz Małgorzata,false,,,,,https://polmic.pl/en/encyclopedia/subject-entries/k/kolcz-malgorzata-en
Koliński Mieczysław,true,,,,,https://polmic.pl/en/encyclopedia/subject-entries/k/kolinski-mieczyslaw-en
Kołpanowicz Joachim,false,,,,,https://polmic.pl/en/encyclopedia/subject-entries/k/kolpanowicz-joachim-en
Komiażyk Magdalena,true,,,,,https://polmic.pl/en/encyclopedia/subject-entries/k/komiazyk-magdalena-en
Kominek Bartłomiej,false,,,,,https://polmic.pl/en/encyclopedia/subject-entries/k/kominek-bartlomiej-en
Kominek Mieczysław,false,,,,,https://polmic.pl/en/encyclopedia/subject-entries/k/kominek-mieczyslaw-en
Komorowski Ignacy Marceli,true,,,,,https://polmic.pl/en/encyclopedia/subject-entries/k/komorowski-ignacy-marceli-en
Komorowski Piotr A.,true,,,,,https://polmic.pl/en/encyclopedia/subject-entries/k/komorowski-piotr-a-en
Komsta Marzena,true,7th February 1970,Gdynia,,,https://polmic.pl/en/encyclopedia/subject-entries/k/komsta-marzena-en
Konarski Adrian,true,,,,,https://polmic.pl/en/encyclopedia/subject-entries/k/konarski-adrian-en
Kończal Szczepan,false,,,,,https://polmic.pl/en/encyclopedia/subject-entries/k/konczal-szczepan-en
Kondracki Michał,true,,,,,https://polmic.pl/en/encyclopedia/subject-entries/k/kondracki-michal-en
Konieczny Zygmunt,true,3rd January 1937,Kraków,,,https://polmic.pl/en/encyclopedia/subject-entries/k/konieczny-zygmunt-en
Konopasek Feliks,true,,,,,https://polmic.pl/en/encyclopedia/subject-entries/k/konopasek-feliks-en
Konowalski Benedykt,true,21st March 1928,Radom,27th January 2021,Warsaw,https://polmic.pl/en/encyclopedia/subject-entries/k/konowalski-benedykt-en
Kontz Jakub,false,,,,,https://polmic.pl/en/encyclopedia/subject-entries/k/kontz-jakub-en
Kopczyński Marcin,true,,,,,https://polmic.pl/en/encyclopedia/subject-entries/k/kopczynski-marcin-en
Kopoczek Alojzy,false,17th December 1941,Mazańcowice,,,https://polmic.pl/en/encyclopedia/subject-entries/k/kopoczek-alojzy-en
Koprowski Piotr Paweł,true,24th August 1947,Łódź,,,https://polmic.pl/en/encyclopedia/subject-entries/k/koprowski-piotr-pawel-en
Koprowski Wojciech,false,,,,,https://polmic.pl/en/encyclopedia/subject-entries/k/koprowski-wojciech-en
Korczak Janusz Krzysztof Michał,true,,,,,https://polmic.pl/en/encyclopedia/subject-entries/k/korczak-janusz-krzysztof-michal-en
Kord Kazimierz,false,,,,,https://polmic.pl/en/encyclopedia/subject-entries/k/kord-kazimierz-en
Kordaczuk Jarosław,true,18th August 1967,Biskupiec,,,https://polmic.pl/en/encyclopedia/subject-entries/k/kordaczuk-jaroslaw-en
Kordylasińska Magdalena,false,,,,,https://polmic.pl/en/encyclopedia/subject-entries/k/kordylasinska-magdalena-en
Kornowicz Jerzy,true,12th August 1959,Lublin,,,https://polmic.pl/en/encyclopedia/subject-entries/k/kornowicz-jerzy-en
Kortus Jacek,false,,,,,https://polmic.pl/en/encyclopedia/subject-entries/k/kortus-jacek-en
Korzeń Krzysztof,false,,,,,https://polmic.pl/en/encyclopedia/subject-entries/k/korzen-krzysztof-en
Korzeniowski Abel,true,,,,,https://polmic.pl/en/encyclopedia/subject-entries/k/korzeniowski-abel-en
Kos-Nowicki Paweł,false,,,,,https://polmic.pl/en/encyclopedia/subject-entries/k/kos-nowicki-pawel-en
Kościów Aleksander,true,5th May 1974,Opole,,,https://polmic.pl/en/encyclopedia/subject-entries/k/kosciow-aleksander-en
Kosecka Martyna,true,18th January 1989,Gdynia,,,https://polmic.pl/en/encyclopedia/subject-entries/k/kosecka-martyna-en
Kosecki Kamil,true,,,,,https://polmic.pl/en/encyclopedia/subject-entries/k/kosecki-kamil-en
Kosek Jerzy,false,,,,,https://polmic.pl/en/encyclopedia/subject-entries/k/kosek-jerzy-en
Kosendiak Andrzej,false,,,,,https://polmic.pl/en/encyclopedia/subject-entries/k/kosendiak-andrzej-en
Kossowski Edmund,false,,,,,https://polmic.pl/en/encyclopedia/subject-entries/k/kossowski-edmund-en
Kostecki Adam,false,,,,,https://polmic.pl/en/encyclopedia/subject-entries/k/kostecki-adam-en
Kostka Violetta,false,,,,,https://polmic.pl/en/encyclopedia/subject-entries/k/kostka-violetta-en
Kostorz Helena,false,,,,,https://polmic.pl/en/encyclopedia/subject-entries/k/kostorz-helena-en
Koszewski Andrzej,true,"26th July, 1922",Poznań,17th February 2015,Poznań,https://polmic.pl/en/encyclopedia/subject-entries/k/koszewski-andrzej-en
Kot Łukasz,false,,,,,https://polmic.pl/en/encyclopedia/subject-entries/k/kot-lukasz-en
Kotla Paweł,false,,,,,https://polmic.pl/en/encyclopedia/subject-entries/k/kotla-pawel-en
Kotnowska Jadwiga,false,18th August 1957,Warsaw,,,https://polmic.pl/en/encyclopedia/subject-entries/k/kotnowska-jadwiga-en
Kotoński Włodzimierz,true,23rd August 1925,Warsaw,4th September 2014,Warsaw,https://polmic.pl/en/encyclopedia/subject-entries/k/kotonski-wlodzimierz-en
Kotula Franciszek,false,26th March 1900,Głogów Małopolski,22nd April 1983,Rzeszów,https://polmic.pl/en/encyclopedia/subject-entries/k/kotula-franciszek-en
Kovacic Ernst,false,,,,,https://polmic.pl/en/encyclopedia/subject-entries/k/kovacic-ernst-en
Kowalczyk Marta,false,,,,,https://polmic.pl/en/encyclopedia/subject-entries/k/kowalczyk-marta-en
Kowalewicz Henryk Julian,false,,,,,https://polmic.pl/en/encyclopedia/subject-entries/k/kowalewicz-henryk-julian-en
Kowalewski Jakub Wiktor,true,,,,,https://polmic.pl/en/encyclopedia/subject-entries/k/kowalewski-jakub-wiktor-en
Kowalewski Sławomir,false,,,,,https://polmic.pl/en/encyclopedia/subject-entries/k/kowalewski-slawomir-en
Kowalinska Gosha,false,,,,,https://polmic.pl/en/encyclopedia/subject-entries/k/kowalinska-gosha-en
Kowalowski Zenon,true,,,,,https://polmic.pl/en/encyclopedia/subject-entries/k/kowalowski-zenon-en
Kowalska-Lasoń Justyna,true,,,,,https://polmic.pl/en/encyclopedia/subject-entries/k/kowalska-lason-justyna-en
Kowalski-Banasewicz Bartosz,true,,,,,https://polmic.pl/en/encyclopedia/subject-entries/k/kowalski-banasewicz-bartosz-en
Kowalski Mateusz,false,,,,,https://polmic.pl/en/encyclopedia/subject-entries/k/kowalski-mateusz-en
Kowalski Paweł,false,,,,,https://polmic.pl/en/encyclopedia/subject-entries/k/kowalski-pawel-en
Kozakiewicz Krzysztof Jakub,false,,,,,https://polmic.pl/en/encyclopedia/subject-entries/k/kozakiewicz-krzysztof-jakub-en
Koziak Bartosz,false,,,,,https://polmic.pl/en/encyclopedia/subject-entries/k/koziak-bartosz-en
Koziak Marcin,false,,,,,https://polmic.pl/en/encyclopedia/subject-entries/k/koziak-marcin-en
Koziej Zuzanna,true,,,,,https://polmic.pl/en/encyclopedia/subject-entries/k/koziej-zuzanna-en
Kozińska Dorota,false,,,,,https://polmic.pl/en/encyclopedia/subject-entries/k/kozinska-dorota-en
Koźlik Zbigniew,false,,,,,https://polmic.pl/en/encyclopedia/subject-entries/k/kozlik-zbigniew-en
Kozłowski Aleksander,true,,,,,https://polmic.pl/en/encyclopedia/subject-entries/k/kozlowski-aleksander-en
Kozłowski Jarosław,true,,,,,https://polmic.pl/en/encyclopedia/subject-entries/k/kozlowski-jaroslaw-en
Kozłowski Krzysztof,true,,,,,https://polmic.pl/en/encyclopedia/subject-entries/k/kozlowski-krzysztof-en
Kozłowski Michał,false,,,,,https://polmic.pl/en/encyclopedia/subject-entries/k/kozlowski-michal-en
Kozłowski Tadeusz,false,,,,,https://polmic.pl/en/encyclopedia/subject-entries/k/kozlowski-tadeusz-en
Kozub Zbigniew,true,,,,,https://polmic.pl/en/encyclopedia/subject-entries/k/kozub-zbigniew-en
Kozubek Lidia,false,,,,,https://polmic.pl/en/encyclopedia/subject-entries/k/kozubek-lidia-en
Krajewski Sebastian,true,,,,,https://polmic.pl/en/encyclopedia/subject-entries/k/krajewski-sebastian-en
Krauze Zygmunt,true,19 September 1938,Warsaw,,,https://polmic.pl/en/encyclopedia/subject-entries/k/krauze-zygmunt-en
Krawczyk Agata,true,,,,,https://polmic.pl/en/encyclopedia/subject-entries/k/krawczyk-agata-en
Krcha Bartłomiej,true,,,,,https://polmic.pl/en/encyclopedia/subject-entries/k/krcha-bartlomiej-en
Kreft Joanna,false,,,,,https://polmic.pl/en/encyclopedia/subject-entries/k/kreft-joanna-en
Kreiner-Bogdańska Agnieszka,false,,,,,https://polmic.pl/en/encyclopedia/subject-entries/k/kreiner-bogdanska-agnieszka-en
Krenz Jan,true,14th July 1926,Włocławek,,,https://polmic.pl/en/encyclopedia/subject-entries/k/krenz-jan-en
Król Waldemar,true,,,,,https://polmic.pl/en/encyclopedia/subject-entries/k/krol-waldemar-en
Kroschel Artur,true,,,,,https://polmic.pl/en/encyclopedia/subject-entries/k/kroschel-artur-en
Kruczek Zbigniew,true,,,,,https://polmic.pl/en/encyclopedia/subject-entries/k/kruczek-zbigniew-en
Krukowska Teresa Maria,false,,,,,https://polmic.pl/en/encyclopedia/subject-entries/k/krukowska-teresa-maria-en
Krupowicz Stanisław,true,25th November 1952,Grodno,,,https://polmic.pl/en/encyclopedia/subject-entries/k/krupowicz-stanislaw-en
Kruszczyńska Eliza,false,,,,,https://polmic.pl/en/encyclopedia/subject-entries/k/kruszczynska-eliza-en
Kruszewski Adam,false,,,,,https://polmic.pl/en/encyclopedia/subject-entries/k/kruszewski-adam-en
Kryger Urszula,false,,,,,https://polmic.pl/en/encyclopedia/subject-entries/k/kryger-urszula-en
Krystkowiak Waldemar,false,,,,,https://polmic.pl/en/encyclopedia/subject-entries/k/krystkowiak-waldemar-en
Krzanowska Aleksandra,false,,,,,https://polmic.pl/en/encyclopedia/subject-entries/k/krzanowska-aleksandra-en
Krzanowska Grażyna,true,,,,,https://polmic.pl/en/encyclopedia/subject-entries/k/krzanowska-grazyna-en
Krzanowski Andrzej,true,9th April 1951,Bielsko-Biała,1st October 1990,Czechowice-Dziedzice,https://polmic.pl/en/encyclopedia/subject-entries/k/krzanowski-andrzej-en
Krzemieński Witold,true,20th April 1909,Lviv,27th August 2001,Poznań,https://polmic.pl/en/encyclopedia/subject-entries/k/krzemienski-witold-en
Krzeszowiec Adam,false,,,,,https://polmic.pl/en/encyclopedia/subject-entries/k/krzeszowiec-adam-en
Krzeszowiec Szymon,false,,,,,https://polmic.pl/en/encyclopedia/subject-entries/k/krzeszowiec-szymon-en
Krzyżaniak Barbara,false,21st July 1924,Szamotuły,,,https://polmic.pl/en/encyclopedia/subject-entries/k/krzyzaniak-barbara-en
Krzyżanowski Tomasz,true,,,,,https://polmic.pl/en/encyclopedia/subject-entries/k/krzyzanowski-tomasz-en
Księżopolska Wanda,false,,,,,https://polmic.pl/en/encyclopedia/subject-entries/k/ksiezopolska-wanda-en
Kubica Arkadiusz,false,,,,,https://polmic.pl/en/encyclopedia/subject-entries/k/kubica-arkadiusz-en
Kubica Paweł,false,,,,,https://polmic.pl/en/encyclopedia/subject-entries/k/kubica-pawel-en
Kucybała Andrzej,false,,,,,https://polmic.pl/en/encyclopedia/subject-entries/k/kucybala-andrzej-en
Kuczyński Marek,true,,,,,https://polmic.pl/en/encyclopedia/subject-entries/k/kuczynski-marek-en
Kula Miłosz,false,,,,,https://polmic.pl/en/encyclopedia/subject-entries/k/kula-milosz-en
Kułakowski Leszek,true,,,,,https://polmic.pl/en/encyclopedia/subject-entries/k/kulakowski-leszek-en
Kulenty Hanna,true,18th March 1961,Białystok,,,https://polmic.pl/en/encyclopedia/subject-entries/k/kulenty-hanna-en
Kulenty Michał,true,,,,,https://polmic.pl/en/encyclopedia/subject-entries/k/kulenty-michal-en
Kulka Konstanty Andrzej,false,,,,,https://polmic.pl/en/encyclopedia/subject-entries/k/kulka-konstanty-andrzej-en
Kuls Aleksandra,true,,,,,https://polmic.pl/en/encyclopedia/subject-entries/k/kuls-aleksandra-en
Kumięga Tomasz,false,,,,,https://polmic.pl/en/encyclopedia/subject-entries/k/kumiega-tomasz-en
Kunc Warcisław,false,,,,,https://polmic.pl/en/encyclopedia/subject-entries/k/kunc-warcislaw-en
Kunicki Marek,true,,,,,https://polmic.pl/en/encyclopedia/subject-entries/k/kunicki-marek-en
Kupczak Sławomir,true,,,,,https://polmic.pl/en/encyclopedia/subject-entries/k/kupczak-slawomir-en
Kupiec Ewa,false,,,,,https://polmic.pl/en/encyclopedia/subject-entries/k/kupiec-ewa-en
Kur Krzysztof,false,,,,,https://polmic.pl/en/encyclopedia/subject-entries/k/kur-krzysztof-en
Kuran Szymon,true,,,,,https://polmic.pl/en/encyclopedia/subject-entries/k/kuran-szymon-en
Kurkowicz Joanna,false,,,,,https://polmic.pl/en/encyclopedia/subject-entries/k/kurkowicz-joanna-en
Kuropaczewski Łukasz,false,,,,,https://polmic.pl/en/encyclopedia/subject-entries/k/kuropaczewski-lukasz-en
Kurylewicz Andrzej,true,"Nov. 24, 1932",Lwów (Lvov),"April 13, 2007",Konstancin,https://polmic.pl/en/encyclopedia/subject-entries/k/kurylewicz-andrzej-en
Kurzak Aleksandra,false,,,,,https://polmic.pl/en/encyclopedia/subject-entries/k/kurzak-aleksandra-en
Kusiewicz Piotr,false,,,,,https://polmic.pl/en/encyclopedia/subject-entries/k/kusiewicz-piotr-en
Kuźnik Norbert Mateusz,true,,,,,https://polmic.pl/en/encyclopedia/subject-entries/k/kuznik-norbert-mateusz-en
Kwapiński Paweł,true,,,,,https://polmic.pl/en/encyclopedia/subject-entries/k/kwapinski-pawel-en
Kwiatkowska Anna,false,,,,,https://polmic.pl/en/encyclopedia/subject-entries/k/kwiatkowska-anna-en
Kwiatkowska Daria Dobrochna,true,,,,,https://polmic.pl/en/encyclopedia/subject-entries/k/kwiatkowska-daria-dobrochna-en
Kwiatkowski Rafał,false,,,,,https://polmic.pl/en/encyclopedia/subject-entries/k/kwiatkowski-rafal-en
Kwiatkowski Ryszard,true,,,,,https://polmic.pl/en/encyclopedia/subject-entries/k/kwiatkowski-ryszard-en
Kwiecień-Długosz Katarzyna,true,,,,,https://polmic.pl/en/encyclopedia/subject-entries/k/kwiecien-dlugosz-katarzyna-en
Kwiecień Mariusz,false,,,,,https://polmic.pl/en/encyclopedia/subject-entries/k/kwiecien-mariusz-en
Kwieciński Andrzej,true,11th June 1984,Warsaw,,,https://polmic.pl/en/encyclopedia/subject-entries/k/kwiecinski-andrzej-en
Łabuński Feliks Roderyk,true,,,,,https://polmic.pl/en/encyclopedia/subject-entries/l-1/labunski-feliks-roderyk-en
Łabuński Wiktor,true,April 14th 1895,St,January 26th 1974,Kansas City (Missouri),https://polmic.pl/en/encyclopedia/subject-entries/l-1/labunski-wiktor-en
Lachert Piotr,true,,,,,https://polmic.pl/en/encyclopedia/subject-entries/l/lachert-piotr-en
Lachertowa Hanna,false,,,,,https://polmic.pl/en/encyclopedia/subject-entries/l/lachertowa-hanna-en
Lachman Wacław,true,,,,,https://polmic.pl/en/encyclopedia/subject-entries/l/lachman-waclaw-en
Ładysz Bernard,false,24th July 1922,Vilnius,25th July 2020,Warsaw,https://polmic.pl/en/encyclopedia/subject-entries/l-1/ladysz-bernard-en
Ładyżyński Sebastian,true,28th August 1985,Wrocław,,,https://polmic.pl/en/encyclopedia/subject-entries/l-1/ladyzynski-sebastian-en
Laks Szymon,true,,,,,https://polmic.pl/en/encyclopedia/subject-entries/l/laks-szymon-en
Łałak Zofia Anna,false,,,,,https://polmic.pl/en/encyclopedia/subject-entries/l-1/lalak-zofia-anna-en
Lalewicz Jerzy,false,,,,,https://polmic.pl/en/encyclopedia/subject-entries/l/lalewicz-jerzy-en
Lampart Zbigniew A.,true,,,,,https://polmic.pl/en/encyclopedia/subject-entries/l/lampart-zbigniew-a-en
Landowska Wanda,false,,,,,https://polmic.pl/en/encyclopedia/subject-entries/l/landowska-wanda-en
Lange Roderyk,false,,,,,https://polmic.pl/en/encyclopedia/subject-entries/l/lange-roderyk-en
Laskowski Mikołaj,true,14th October 1988,Gdynia,,,https://polmic.pl/en/encyclopedia/subject-entries/l/laskowski-mikolaj-en
Lasocki Józef Karol,true,,,,,https://polmic.pl/en/encyclopedia/subject-entries/l/lasocki-jozef-karol-en
Lasocki Roman,false,,,,,https://polmic.pl/en/encyclopedia/subject-entries/l/lasocki-roman-en
Lasoń Agnieszka,false,,,,,https://polmic.pl/en/encyclopedia/subject-entries/l/lason-agnieszka-en
Lasoń Aleksander,true,10 November 1951,Siemianowice Śląskie,,,https://polmic.pl/en/encyclopedia/subject-entries/l/lason-aleksander-en
Lasoń Krzysztof,false,,,,,https://polmic.pl/en/encyclopedia/subject-entries/l/lason-krzysztof-en
Lasoń Stanisław,true,,,,,https://polmic.pl/en/encyclopedia/subject-entries/l/lason-stanislaw-en
Laszczkowski Jacek,false,,,,,https://polmic.pl/en/encyclopedia/subject-entries/l/laszczkowski-jacek-en
Latecki Ryszard,true,,,,,https://polmic.pl/en/encyclopedia/subject-entries/l/latecki-ryszard-en
Ławrynowicz-Just Joanna,false,,,,,https://polmic.pl/en/encyclopedia/subject-entries/l-1/lawrynowicz-just-joanna-en
Ławrynowicz Mirosław,false,,,,,https://polmic.pl/en/encyclopedia/subject-entries/l-1/lawrynowicz-miroslaw-en
Ledoff Lena,true,,,,,https://polmic.pl/en/encyclopedia/subject-entries/l/ledoff-lena-en
Lefeld Jerzy,true,,,,,https://polmic.pl/en/encyclopedia/subject-entries/l/lefeld-jerzy-en
Lemiszewski Marcin,true,,,,,https://polmic.pl/en/encyclopedia/subject-entries/l/lemiszewski-marcin-en
Leopolita Marcin,true,,,,,https://polmic.pl/en/encyclopedia/subject-entries/l/leopolita-marcin-en
Lessel Franciszek,true,,,,,https://polmic.pl/en/encyclopedia/subject-entries/l/lessel-franciszek-en
Leszetycki Teodor,false,,,,,https://polmic.pl/en/encyclopedia/subject-entries/l/leszetycki-teodor-en
Lewiecki Paweł,false,,,,,https://polmic.pl/en/encyclopedia/subject-entries/l/lewiecki-pawel-en
Lewtak Jan,false,,,,,https://polmic.pl/en/encyclopedia/subject-entries/l/lewtak-jan-en
Liban z Legnicy Jerzy,true,,,,,https://polmic.pl/en/encyclopedia/subject-entries/l/liban-z-legnicy-jerzy-en
Liebchen Ewa,false,,,,,https://polmic.pl/en/encyclopedia/subject-entries/l/liebchen-ewa-en
Lindstedt Iwona,false,,,,,https://polmic.pl/en/encyclopedia/subject-entries/l/lindstedt-iwona-en
Linette Bogusław,false,19th March 1926,Poznań,,,https://polmic.pl/en/encyclopedia/subject-entries/l/linette-boguslaw-en
Lipiński Karol,true,,,,,https://polmic.pl/en/encyclopedia/subject-entries/l/lipinski-karol-en
Lipska-Nakoniecznik Agnieszka,false,,,,,https://polmic.pl/en/encyclopedia/subject-entries/l/lipska-nakoniecznik-agnieszka-en
Lisak Magdalena,false,,,,,https://polmic.pl/en/encyclopedia/subject-entries/l/lisak-magdalena-en
Lisakowski Jarosław,false,,,,,https://polmic.pl/en/encyclopedia/subject-entries/l/lisakowski-jaroslaw-en
Lisiecki Ignacy,false,,,,,https://polmic.pl/en/encyclopedia/subject-entries/l/lisiecki-ignacy-en
Lissa Zofia,false,,,,,https://polmic.pl/en/encyclopedia/subject-entries/l/lissa-zofia-en
Litwiński Mieczysław,true,,,,,https://polmic.pl/en/encyclopedia/subject-entries/l/litwinski-mieczyslaw-en
Lorenc Michał,true,5th October 1955,Warsaw,,,https://polmic.pl/en/encyclopedia/subject-entries/l/lorenc-michal-en
Lorent Leszek,false,,,,,https://polmic.pl/en/encyclopedia/subject-entries/l/lorent-leszek-en
Łosakiewicz Paweł,false,,,,,https://polmic.pl/en/encyclopedia/subject-entries/l-1/losakiewicz-pawel-en
Łowżył Zbigniew,true,,,,,https://polmic.pl/en/encyclopedia/subject-entries/l-1/lowzyl-zbigniew-en
Lubieniecki Ryszard,true,,,,,https://polmic.pl/en/encyclopedia/subject-entries/l/lubieniecki-ryszard-en
Lublin Jarosław,true,,,,,https://polmic.pl/en/encyclopedia/subject-entries/l/lublin-jaroslaw-en
Łuc Rafał,false,,,,,https://polmic.pl/en/encyclopedia/subject-entries/l-1/luc-rafal-en
Łuciuk Juliusz,true,1st January 1927,Brzeźnica near Radomsko,17th October 2020,Kraków,https://polmic.pl/en/encyclopedia/subject-entries/l-1/luciuk-juliusz-en
Łuczkowski Radosław,true,,,,,https://polmic.pl/en/encyclopedia/subject-entries/l-1/luczkowski-radoslaw-en
Ludwiczak Ariel,false,,,,,https://polmic.pl/en/encyclopedia/subject-entries/l/ludwiczak-ariel-en
Lukas Krzysztof,false,,,,,https://polmic.pl/en/encyclopedia/subject-entries/l/lukas-krzysztof-en
Łukaszewski Jan,false,,,,,https://polmic.pl/en/encyclopedia/subject-entries/l-1/lukaszewski-jan-en
Łukaszewski Marcin Tadeusz,true,20th November 1972,Częstochowa,,,https://polmic.pl/en/encyclopedia/subject-entries/l-1/lukaszewski-marcin-tadeusz-en
Łukaszewski Paweł,true,19th September 1968,Częstochowa,,,https://polmic.pl/en/encyclopedia/subject-entries/l-1/lukaszewski-pawel-en
Łukaszewski Wojciech,true,10th March 1936,Częstochowa,13th April 1978,Częstochowa,https://polmic.pl/en/encyclopedia/subject-entries/l-1/lukaszewski-wojciech-en
Łukomska Halina,false,,,,,https://polmic.pl/en/encyclopedia/subject-entries/l-1/lukomska-halina-en
Łukowicz Jerzy,false,,,,,https://polmic.pl/en/encyclopedia/subject-entries/l-1/lukowicz-jerzy-en
Łukowiec Paweł,true,,,,,https://polmic.pl/en/encyclopedia/subject-entries/l-1/lukowiec-pawel-en
Łunkiewicz Leon,false,,,,,https://polmic.pl/en/encyclopedia/subject-entries/l-1/lunkiewicz-leon-en
Lutosławski Witold,true,"Jan. 25, 1913",Warsaw,"Feb. 7, 1994",Warsaw,https://polmic.pl/en/encyclopedia/subject-entries/l/lutoslawski-witold-en
Łyjak Wiktor,false,,,,,https://polmic.pl/en/encyclopedia/subject-entries/l-1/lyjak-wiktor-en
Machej Dariusz,false,,,,,https://polmic.pl/en/encyclopedia/subject-entries/m/machej-dariusz-en
Machl Tadeusz,true,22 October 1922,Lwów (Lvov,31st August 2003,Cracow,https://polmic.pl/en/encyclopedia/subject-entries/m/machl-tadeusz-en
Machowska-Szałach Maria,false,,,,,https://polmic.pl/en/encyclopedia/subject-entries/m/machowska-szalach-maria-en
Maciejewski Roman,true,28 February 1910,Berlin,30 April 1998,Göteborg,https://polmic.pl/en/encyclopedia/subject-entries/m/maciejewski-roman-en
Madey Bogusław,true,31st May 1932,Sosnowiec,,,https://polmic.pl/en/encyclopedia/subject-entries/m/madey-boguslaw-en
Madey Emilian,true,,,,,https://polmic.pl/en/encyclopedia/subject-entries/m/madey-emilian-en
Mądroszkiewicz Joanna,false,"22th March, 1956",Szczecin,,,https://polmic.pl/en/encyclopedia/subject-entries/m/madroszkiewicz-joanna-en
Magin Miłosz,true,6th July 1929,Łódź,4th March 1999,Bora Bora (French Polynesia),https://polmic.pl/en/encyclopedia/subject-entries/m/magin-milosz-en
Maj Justyna,false,,,,,https://polmic.pl/en/encyclopedia/subject-entries/m/maj-justyna-en
Majchrzak Mirosław,false,,,,,https://polmic.pl/en/encyclopedia/subject-entries/m/majchrzak-miroslaw-en
Majchrzak Piotr,true,,,,,https://polmic.pl/en/encyclopedia/subject-entries/m/majchrzak-piotr-en
Majerski Tadeusz,true,,,,,https://polmic.pl/en/encyclopedia/subject-entries/m/majerski-tadeusz-en
Majewska Barbara Kinga,false,,,,,https://polmic.pl/en/encyclopedia/subject-entries/m/majewska-barbara-kinga-en
Majka Grzegorz,true,14th September 1981,Zaborów,,,https://polmic.pl/en/encyclopedia/subject-entries/m/majka-grzegorz-en
Majkusiak Mikołaj,true,29 July 1983,Warsaw,,,https://polmic.pl/en/encyclopedia/subject-entries/m/majkusiak-mikolaj-en
Maklakiewicz Franciszek,true,,,,,https://polmic.pl/en/encyclopedia/subject-entries/m/maklakiewicz-franciszek-en
Maklakiewicz Jan Adam,true,24th November 1899,Chojnata near Skierniewice,7th February 1954,Warsaw,https://polmic.pl/en/encyclopedia/subject-entries/m/maklakiewicz-jan-adam-en
Maklakiewicz Tadeusz Wojciech,true,,,,,https://polmic.pl/en/encyclopedia/subject-entries/m/maklakiewicz-tadeusz-wojciech-en
Makowski Mieczysław,true,,,,,https://polmic.pl/en/encyclopedia/subject-entries/m/makowski-mieczyslaw-en
Makowski Szymon,false,,,,,https://polmic.pl/en/encyclopedia/subject-entries/m/makowski-szymon-en
Maksymiuk Jerzy,true,9th April 1936,Grodno (now Grodna in Belarus),,,https://polmic.pl/en/encyclopedia/subject-entries/m/maksymiuk-jerzy-en
Malawski Artur,true,4th July 1904,Przemyśl,26th December 1957,Cracow,https://polmic.pl/en/encyclopedia/subject-entries/m/malawski-artur-en
Małcużyński Witold,false,,,,,https://polmic.pl/en/encyclopedia/subject-entries/m/malcuzynski-witold-en
Malecka Teresa,false,,,,,https://polmic.pl/en/encyclopedia/subject-entries/m/malecka-teresa-en
Małecki Maciej,true,27th November 1940,Warsaw,,,https://polmic.pl/en/encyclopedia/subject-entries/m/malecki-maciej-en
Małecki Mateusz,false,,,,,https://polmic.pl/en/encyclopedia/subject-entries/m/malecki-mateusz-en
Małek Anna,true,,,,,https://polmic.pl/en/encyclopedia/subject-entries/m/malek-anna-en
Malewicz-Madey Anna,false,,,,,https://polmic.pl/en/encyclopedia/subject-entries/m/malewicz-madey-anna-en
Malicki Waldemar,false,,,,,https://polmic.pl/en/encyclopedia/subject-entries/m/malicki-waldemar-en
Malinowski Paweł,true,,,,,https://polmic.pl/en/encyclopedia/subject-entries/m/malinowski-pawel-en
Maliszewski Witold,true,,,,,https://polmic.pl/en/encyclopedia/subject-entries/m/maliszewski-witold-en
Maluga Joanna,false,,,,,https://polmic.pl/en/encyclopedia/subject-entries/m/maluga-joanna-en
Mamczarski Jarosław,true,24 April 1974,Gliwice,,,https://polmic.pl/en/encyclopedia/subject-entries/m/mamczarski-jaroslaw-en
Mamińska-Domagalska Monika,false,,,,,https://polmic.pl/en/encyclopedia/subject-entries/m/maminska-domagalska-monika-en
Manderla Tomasz,true,,,,,https://polmic.pl/en/encyclopedia/subject-entries/m/manderla-tomasz-en
Marchwiński Jerzy,false,6 January 1935,Truskolasy,7 November 2024,Warsaw,https://polmic.pl/en/encyclopedia/subject-entries/m/marchwinski-jerzy-en
Marciniec Ewa,false,,,,,https://polmic.pl/en/encyclopedia/subject-entries/m/marciniec-ewa-en
Marcinkowska Barbara,false,,,,,https://polmic.pl/en/encyclopedia/subject-entries/m/marcinkowska-barbara-en
Marcinkowska Joanna,false,,,,,https://polmic.pl/en/encyclopedia/subject-entries/m/marcinkowska-joanna-en
Marczewski Aleksander,true,,,,,https://polmic.pl/en/encyclopedia/subject-entries/m/marczewski-aleksander-en
Marczyk Stefan,false,,,,,https://polmic.pl/en/encyclopedia/subject-entries/m/marczyk-stefan-en
Marek Czesław,true,,,,,https://polmic.pl/en/encyclopedia/subject-entries/m/marek-czeslaw-en
Marianowski Karol,false,,,,,https://polmic.pl/en/encyclopedia/subject-entries/m/marianowski-karol-en
Markiewicz Anna,false,,,,,https://polmic.pl/en/encyclopedia/subject-entries/m/markiewicz-anna-en
Markiewicz Leon,false,,,,,https://polmic.pl/en/encyclopedia/subject-entries/m/markiewicz-leon-en
Markiewiczówna Władysława,true,,,,,https://polmic.pl/en/encyclopedia/subject-entries/m/markiewiczowna-wladyslawa-en
Markowicz Marcin,true,19th March 1979,Wrocław,,,https://polmic.pl/en/encyclopedia/subject-entries/m/markowicz-marcin-en
Markowski Andrzej,true,22nd August 1924,Lublin,30th October 1986,Warsaw,https://polmic.pl/en/encyclopedia/subject-entries/m/markowski-andrzej-en
Markuszewski Michał,false,,,,,https://polmic.pl/en/encyclopedia/subject-entries/m/markuszewski-michal-en
Marucha Agnieszka,false,,,,,https://polmic.pl/en/encyclopedia/subject-entries/m/marucha-agnieszka-en
Marut Tomasz,false,,,,,https://polmic.pl/en/encyclopedia/subject-entries/m/marut-tomasz-en
Masecki Marcin,true,,,,,https://polmic.pl/en/encyclopedia/subject-entries/m/masecki-marcin-en
Masternak Oriana,false,,,,,https://polmic.pl/en/encyclopedia/subject-entries/m/masternak-oriana-en
Matracka-Kościelny Alicja,false,,,,,https://polmic.pl/en/encyclopedia/subject-entries/m/matracka-koscielny-alicja-en
Matusik Piotr,true,,,,,https://polmic.pl/en/encyclopedia/subject-entries/m/matusik-piotr-en
Matuszczak Bernadetta,true,10th March 1931,Toruń,,,https://polmic.pl/en/encyclopedia/subject-entries/m/matuszczak-bernadetta-en
Matuszewski Filip,true,,,,,https://polmic.pl/en/encyclopedia/subject-entries/m/matuszewski-filip-en
Mazurek Bohdan,true,,,,,https://polmic.pl/en/encyclopedia/subject-entries/m/mazurek-bohdan-en
Mazurek Urszula Janina,false,,,,,https://polmic.pl/en/encyclopedia/subject-entries/m/mazurek-urszula-janina-en
Melcer-Szczawiński Henryk,true,,,,,https://polmic.pl/en/encyclopedia/subject-entries/m/melcer-szczawinski-henryk-en
Mencel Joachim,true,,,,,https://polmic.pl/en/encyclopedia/subject-entries/m/mencel-joachim-en
Metelska Maja,false,,,,,https://polmic.pl/en/encyclopedia/subject-entries/m/metelska-maja-en
Meyer Krzysztof,true,"11th August, 1943",Cracow,,,https://polmic.pl/en/encyclopedia/subject-entries/m/meyer-krzysztof-en
Mezer Agata de,true,,,,,https://polmic.pl/en/encyclopedia/subject-entries/m/mezer-agata-de-en
Mianowski Jarosław,false,,,,,https://polmic.pl/en/encyclopedia/subject-entries/m/mianowski-jaroslaw-en
Michalek Stanisław,true,20th May 1925,Kraków,6th July 1997,Opole,https://polmic.pl/en/encyclopedia/subject-entries/m/michalek-stanislaw-en
Michałowska Marzena,false,,,,,https://polmic.pl/en/encyclopedia/subject-entries/m/michalowska-marzena-en
Michałowski Aleksander,true,,,,,https://polmic.pl/en/encyclopedia/subject-entries/m/michalowski-aleksander-en
Michałowski Bartosz,false,,,,,https://polmic.pl/en/encyclopedia/subject-entries/m/michalowski-bartosz-en
Michniewski Wojciech,true,4th April 1947,Łódź,,,https://polmic.pl/en/encyclopedia/subject-entries/m/michniewski-wojciech-en
Michnik Ewa,false,,,,,https://polmic.pl/en/encyclopedia/subject-entries/m/michnik-ewa-en
Michno Wojciech,true,,,,,https://polmic.pl/en/encyclopedia/subject-entries/m/michno-wojciech-en
Mielczewski Marcin,true,,,,,https://polmic.pl/en/encyclopedia/subject-entries/m/mielczewski-marcin-en
Mierczyński Stanisław,false,16th August 1894,Warsaw,25th February 1952,Otwock,https://polmic.pl/en/encyclopedia/subject-entries/m/mierczynski-stanislaw-en
Miernik Anna,false,,,,,https://polmic.pl/en/encyclopedia/subject-entries/m/miernik-anna-en
Mierzejewska-Ficek Agata,false,,,,,https://polmic.pl/en/encyclopedia/subject-entries/m/mierzejewska-ficek-agata-en
Mierzejewski Mieczysław,true,,,,,https://polmic.pl/en/encyclopedia/subject-entries/m/mierzejewski-mieczyslaw-en
Mietelski Marek,false,,,,,https://polmic.pl/en/encyclopedia/subject-entries/m/mietelski-marek-en
Mika Bogumiła,false,,,,,https://polmic.pl/en/encyclopedia/subject-entries/m/mika-bogumila-en
Miklaszewski Lech,true,,,,,https://polmic.pl/en/encyclopedia/subject-entries/m/miklaszewski-lech-en
Mikołaj z Chrzanowa,true,,,,,https://polmic.pl/en/encyclopedia/subject-entries/m/mikolaj-z-chrzanowa-en
Mikołaj z Krakowa,true,,,,,https://polmic.pl/en/encyclopedia/subject-entries/m/mikolaj-z-krakowa-en
Mikołaj z Radomia,true,,,,,https://polmic.pl/en/encyclopedia/subject-entries/m/mikolaj-z-radomia-en
Mikołajczyk-Niewiedział Anna,false,,,,,https://polmic.pl/en/encyclopedia/subject-entries/m/mikolajczyk-niewiedzial-anna-en
Miler Bartłomiej,false,,,,,https://polmic.pl/en/encyclopedia/subject-entries/m/miler-bartlomiej-en
Milosz Anthony Oscar,true,,,,,https://polmic.pl/en/encyclopedia/subject-entries/m/milosz-anthony-oscar-en
Minkowski Marc,false,,,,,https://polmic.pl/en/encyclopedia/subject-entries/m/minkowski-marc-en
Minkus Czesław Teofil,true,27th April 1957,Leszno,,,https://polmic.pl/en/encyclopedia/subject-entries/m/minkus-czeslaw-teofil-en
Mironiuk Iwona,false,,,,,https://polmic.pl/en/encyclopedia/subject-entries/m/mironiuk-iwona-en
Mirowski Marcin,true,29 July 1976,Częstochowa,,,https://polmic.pl/en/encyclopedia/subject-entries/m/mirowski-marcin-en
Misiuda Bartłomiej,false,,,,,https://polmic.pl/en/encyclopedia/subject-entries/m/misiuda-bartlomiej-en
Miśkiewicz Grzegorz,true,,,,,https://polmic.pl/en/encyclopedia/subject-entries/m/miskiewicz-grzegorz-en
Missona Krzysztof,false,,,,,https://polmic.pl/en/encyclopedia/subject-entries/m/missona-krzysztof-en
Mizerska Evva,false,,,,,https://polmic.pl/en/encyclopedia/subject-entries/m/mizerska-ewa-en
Mleczko Alina Maria,false,,,,,https://polmic.pl/en/encyclopedia/subject-entries/m/mleczko-alina-maria-en
Mleczko Marek,false,,,,,https://polmic.pl/en/encyclopedia/subject-entries/m/mleczko-marek-en
Młodziejowski Jerzy,true,,,,,https://polmic.pl/en/encyclopedia/subject-entries/m/mlodziejowski-jerzy-en
Młynarska-Klonowska Agata,false,,,,,https://polmic.pl/en/encyclopedia/subject-entries/m/mlynarska-klonowska-agata-en
Młynarski Emil,true,,,,,https://polmic.pl/en/encyclopedia/subject-entries/m/mlynarski-emil-en
Moc Michał,true,9th March 1977,Wrocław,,,https://polmic.pl/en/encyclopedia/subject-entries/m/moc-michal-en
Moniuszko Stanisław,true,,,,,https://polmic.pl/en/encyclopedia/subject-entries/m/moniuszko-stanislaw-en
Monowid Jan Jakub,false,,,,,https://polmic.pl/en/encyclopedia/subject-entries/m/monowid-jan-jakub-en
Morawska Katarzyna,false,,,,,https://polmic.pl/en/encyclopedia/subject-entries/m/morawska-katarzyna-en
Morawski-Dąbrowa Eugeniusz,true,,,,,https://polmic.pl/en/encyclopedia/subject-entries/m/morawski-dabrowa-eugeniusz-en
Morawski Jerzy Józef,false,,,,,https://polmic.pl/en/encyclopedia/subject-entries/m/morawski-jerzy-jozef-en
Morus Szymon,false,,,,,https://polmic.pl/en/encyclopedia/subject-entries/m/morus-szymon-en
Moryto Stanisław,true,8th May 1947,Łącko (near Nowy Sącz),,,https://polmic.pl/en/encyclopedia/subject-entries/m/moryto-stanislaw-en
Moś Marek,false,,,,,https://polmic.pl/en/encyclopedia/subject-entries/m/mos-marek-en
Moss Piotr,true,13th May 1949,Bydgoszcz,,,https://polmic.pl/en/encyclopedia/subject-entries/m/moss-piotr-en
Moszumańska-Nazar Krystyna,true,5th September 1924,Lwów (Lvov),27th September 2008,Kraków (Cracow),https://polmic.pl/en/encyclopedia/subject-entries/m/moszumanska-nazar-krystyna-en
Moszyński Kazimierz,false,5 March 1887,Warsaw,30 March 1959,Kraków,https://polmic.pl/en/encyclopedia/subject-entries/m/moszynski-kazimierz-en
Moyseowicz Gabriela,true,,,,,https://polmic.pl/en/encyclopedia/subject-entries/m/moyseowicz-gabriela-en
Możdżer Leszek,false,,,,,https://polmic.pl/en/encyclopedia/subject-entries/m/mozdzer-leszek-en
Mozgała Andrzej,true,16 April 1975,Bielsko-Biała,,,https://polmic.pl/en/encyclopedia/subject-entries/m/mozgala-andrzej-en
Mroczek Jan,false,,,,,https://polmic.pl/en/encyclopedia/subject-entries/m/mroczek-jan-en
Mroszczyk Karol,true,,,,,https://polmic.pl/en/encyclopedia/subject-entries/m/mroszczyk-karol-en
Mrowca-Kościukiewicz Ewa,false,,,,,https://polmic.pl/en/encyclopedia/subject-entries/m/mrowca-kosciukiewicz-ewa-en
Mrowiec Karol,false,,,,,https://polmic.pl/en/encyclopedia/subject-entries/m/mrowiec-karol-en
Mrozek Wojciech,true,,,,,https://polmic.pl/en/encyclopedia/subject-entries/m/mrozek-wojciech-en
Mrygoń Adam,false,23rd November 1935,Pyzdry,10th April 2020,Siedlce,https://polmic.pl/en/encyclopedia/subject-entries/m/mrygon-adam-en
Murawski Marcin,true,,,,,https://polmic.pl/en/encyclopedia/subject-entries/m/murawski-marcin-en
Muszkalska Bożena,false,,,,,https://polmic.pl/en/encyclopedia/subject-entries/m/muszkalska-bozena-en
Muzyka Paweł,true,,,,,https://polmic.pl/en/encyclopedia/subject-entries/m/muzyka-pawel-en
Muzykant Mirosław,false,,,,,https://polmic.pl/en/encyclopedia/subject-entries/m/muzykant-miroslaw-en
Mych-Nowicka Monika,false,,,,,https://polmic.pl/en/encyclopedia/subject-entries/m/mych-nowicka-monika-en
Mycielski Zygmunt,true,17th August 1907,Przeworsk,5th August 1987,Warsaw,https://polmic.pl/en/encyclopedia/subject-entries/m/mycielski-zygmunt-en
Mykietyn Paweł,true,20th May 1971,Oława,,,https://polmic.pl/en/encyclopedia/subject-entries/m/mykietyn-pawel-en
Mysiński Andrzej,false,,,,,https://polmic.pl/en/encyclopedia/subject-entries/m/mysinski-andrzej-en
Naborczyk Sławomir,false,,,,,https://polmic.pl/en/encyclopedia/subject-entries/n/naborczyk-slawomir-en
Nadgryzowski Sergiusz,false,,,,,https://polmic.pl/en/encyclopedia/subject-entries/n/nadgryzowski-sergiusz-en
Nadrzycki Jarosław,false,,,,,https://polmic.pl/en/encyclopedia/subject-entries/n/nadrzycki-jaroslaw-en
Nagy Michał,false,,,,,https://polmic.pl/en/encyclopedia/subject-entries/n/nagy-michal-en
Nalaskowski Mirosław,false,,,,,https://polmic.pl/en/encyclopedia/subject-entries/n/nalaskowski-miroslaw-en
Nałęcz-Niesiołowski Marcin,false,,,,,https://polmic.pl/en/encyclopedia/subject-entries/n/nalecz-niesiolowski-marcin-en
Napierała Lech,false,,,,,https://polmic.pl/en/encyclopedia/subject-entries/n/napierala-lech-en
Natanson Tadeusz,true,,,,,https://polmic.pl/en/encyclopedia/subject-entries/n/natanson-tadeusz-en
Nawrocka-Woźniak Aldona,true,,,,,https://polmic.pl/en/encyclopedia/subject-entries/n/nawrocka-wozniak-aldona-en
Nawrocki Stanisław Hieronim,true,,,,,https://polmic.pl/en/encyclopedia/subject-entries/n/nawrocki-stanislaw-hieronim-en
Negrey Maciej,true,,,,,https://polmic.pl/en/encyclopedia/subject-entries/n/negrey-maciej-en
Nehring Szymon,false,,,,,https://polmic.pl/en/encyclopedia/subject-entries/n/nehring-szymon-en
Nepelski Karol,true,,,,,https://polmic.pl/en/encyclopedia/subject-entries/n/nepelski-karol-en
Nesterowicz Michał,false,,,,,https://polmic.pl/en/encyclopedia/subject-entries/n/nesterowicz-michal-en
Nidecki Tomasz Napoleon,true,,,,,https://polmic.pl/en/encyclopedia/subject-entries/n/nidecki-tomasz-napoleon-en
Nieciąg Ilona,false,,,,,https://polmic.pl/en/encyclopedia/subject-entries/n/nieciag-ilona-en
Niedzielak Zuzanna,true,,,,,https://polmic.pl/en/encyclopedia/subject-entries/n/niedzielak-zuzanna-en
Niemczuk Grzegorz,false,,,,,https://polmic.pl/en/encyclopedia/subject-entries/n/niemczuk-grzegorz-en
Nierubiec Marcin,true,,,,,https://polmic.pl/en/encyclopedia/subject-entries/n/nierubiec-marcin-en
Nikodemowicz Andrzej,true,2nd January 1925,Lwów (Lvov),28 January 2017,Lublin,https://polmic.pl/en/encyclopedia/subject-entries/n/nikodemowicz-andrzej-en
Nizioł Bartłomiej,false,,,,,https://polmic.pl/en/encyclopedia/subject-entries/n/niziol-bartlomiej-en
Noskowski Zygmunt,true,,,,,https://polmic.pl/en/encyclopedia/subject-entries/n/noskowski-zygmunt-en
Nowacki Piotr,false,,,,,https://polmic.pl/en/encyclopedia/subject-entries/n/nowacki-piotr-en
Nowak Aleksander,true,,,,,https://polmic.pl/en/encyclopedia/subject-entries/n/nowak-aleksander-en
Nowak Anna,false,,,,,https://polmic.pl/en/encyclopedia/subject-entries/n/nowak-anna-en
Nowak Grzegorz,false,,,,,https://polmic.pl/en/encyclopedia/subject-entries/n/nowak-grzegorz-en
Nowicka Ewelina,true,,,,,https://polmic.pl/en/encyclopedia/subject-entries/n/nowicka-ewelina-en
Nowicki Paweł,false,,,,,https://polmic.pl/en/encyclopedia/subject-entries/n/nowicki-pawel-en
Nowicki Piotr,false,,,,,https://polmic.pl/en/encyclopedia/subject-entries/n/nowicki-piotr-en
Nowowiejski Feliks,true,,,,,https://polmic.pl/en/encyclopedia/subject-entries/n/nowowiejski-feliks-en
Nurzyńska Agnieszka,false,,,,,https://polmic.pl/en/encyclopedia/subject-entries/n/nurzynska-agnieszka-en
Ochlewski Tadeusz,false,,,,,https://polmic.pl/en/encyclopedia/subject-entries/o/ochlewski-tadeusz-en
Ochman Wiesław,false,,,,,https://polmic.pl/en/encyclopedia/subject-entries/o/ochman-wieslaw-en
Odorowicz Paweł,false,,,,,https://polmic.pl/en/encyclopedia/subject-entries/o/odorowicz-pawel-en
Ogiński Michał Kleofas,true,,,,,https://polmic.pl/en/encyclopedia/subject-entries/o/oginski-michal-kleofas-en
Olczak Krzysztof,true,26th May 1956,Łódź,,,https://polmic.pl/en/encyclopedia/subject-entries/o/olczak-krzysztof-en
Olejniczak Janusz,false,,,,,https://polmic.pl/en/encyclopedia/subject-entries/o/olejniczak-janusz-en
Oleś Marcin,true,,,,,https://polmic.pl/en/encyclopedia/subject-entries/o/oles-marcin-en
Oleszkowicz Jan,true,30th September 1947,Jelenia Góra,,,https://polmic.pl/en/encyclopedia/subject-entries/o/oleszkowicz-jan-en
Oliferko-Storck Magdalena,false,,,,,https://polmic.pl/en/encyclopedia/subject-entries/o/oliferko-storck-magdalena-en
Olkiewicz Grzegorz,false,,,,,https://polmic.pl/en/encyclopedia/subject-entries/o/olkiewicz-grzegorz-en
Olkiewicz Irena,false,,,,,https://polmic.pl/en/encyclopedia/subject-entries/o/olkiewicz-irena-en
Olkuśnik Joachim,true,27th March 1927,Kostrzyna,18th December 2008,Warsaw,https://polmic.pl/en/encyclopedia/subject-entries/o/olkusnik-joachim-en
Olszamowski Sławomir,true,,,,,https://polmic.pl/en/encyclopedia/subject-entries/o/olszamowski-slawomir-en
Olszewski Jarosław,true,,,,,https://polmic.pl/en/encyclopedia/subject-entries/o/olszewski-jaroslaw-en
Opaliński Sławomir,true,4th May 1977,Zduńska Wola,,,https://polmic.pl/en/encyclopedia/subject-entries/o/opalinski-slawomir-en
Opałka Tomasz Jakub,true,6th June 1983,Ostrowiec Świętokrzyski,,,https://polmic.pl/en/encyclopedia/subject-entries/o/opalka-tomasz-jakub-en
Opieński Henryk,true,,,,,https://polmic.pl/en/encyclopedia/subject-entries/o/opienski-henryk-en
Orkisz Andrzej,false,,,,,https://polmic.pl/en/encyclopedia/subject-entries/o/orkisz-andrzej-en
Orliński Piotr,true,,,,,https://polmic.pl/en/encyclopedia/subject-entries/o/orlinski-piotr-en
Ormicki Włodzimierz,true,18th May 1905,Kraków,31st May 1974,Bydgoszcz,https://polmic.pl/en/encyclopedia/subject-entries/o/ormicki-wlodzimierz-en
Oroń Sebastian,false,,,,,https://polmic.pl/en/encyclopedia/subject-entries/o/oron-sebastian-en
Osada Ryszard,true,,,,,https://polmic.pl/en/encyclopedia/subject-entries/o/osada-ryszard-en
Osińska Ewa,false,,,,,https://polmic.pl/en/encyclopedia/subject-entries/o/osinska-ewa-en
Osmoliński Ryszard Jan,false,,,,,https://polmic.pl/en/encyclopedia/subject-entries/o/osmolinski-ryszard-jan-en
Ossowski Michał,true,,,,,https://polmic.pl/en/encyclopedia/subject-entries/o/ossowski-michal-en
Pachlewski Artur,false,,,,,https://polmic.pl/en/encyclopedia/subject-entries/p/pachlewski-artur-en
Paciorkiewicz Artur,false,,,,,https://polmic.pl/en/encyclopedia/subject-entries/p/paciorkiewicz-artur-en
Paciorkiewicz Tadeusz,true,17th October 1916,Sierpc,21st November 1998,Warsaw,https://polmic.pl/en/encyclopedia/subject-entries/p/paciorkiewicz-tadeusz-en
Pączkowski Marcin,true,,,,,https://polmic.pl/en/encyclopedia/subject-entries/p/paczkowski-marcin-en
Paderewski Ignacy Jan,true,,,,,https://polmic.pl/en/encyclopedia/subject-entries/p/paderewski-ignacy-jan-en
Padlewski Roman,true,,,,,https://polmic.pl/en/encyclopedia/subject-entries/p/padlewski-roman-en
Paleczny Piotr,false,,,,,https://polmic.pl/en/encyclopedia/subject-entries/p/paleczny-piotr-en
Palester Roman,true,28th December 1907,Śniatyń (now Sniatyn,25th August 1989,Paris,https://polmic.pl/en/encyclopedia/subject-entries/p/palester-roman-en
Pałłasz Edward,true,30th August 1936,Starogard Gdański,22nd December 2019,,https://polmic.pl/en/encyclopedia/subject-entries/p/pallasz-edward-en
Pałosz Mikołaj,true,,,,,https://polmic.pl/en/encyclopedia/subject-entries/p/palosz-mikolaj-en
Pałyga Bartłomiej,true,1st February 1979,Warsaw,,,https://polmic.pl/en/encyclopedia/subject-entries/p/palyga-bartlomiej-en
Pańko Małgorzata,false,,,,,https://polmic.pl/en/encyclopedia/subject-entries/p/panko-malgorzata-en
Pańta Paweł,false,,,,,https://polmic.pl/en/encyclopedia/subject-entries/p/panta-pawel-en
Panufnik Andrzej,true,24th September 1914,Warsaw,27th October 1991,Twickenham,https://polmic.pl/en/encyclopedia/subject-entries/p/panufnik-andrzej-en
Panufnik Roxanna,true,24th April 1968,London,,,https://polmic.pl/en/encyclopedia/subject-entries/p/panufnik-roxanna-en
Papara Michał,true,7th April 1984,Kraków,,,https://polmic.pl/en/encyclopedia/subject-entries/p/papara-michal-en
Paprocki Bogdan,false,,,,,https://polmic.pl/en/encyclopedia/subject-entries/p/paprocki-bogdan-en
Paradowski Dariusz,false,,,,,https://polmic.pl/en/encyclopedia/subject-entries/p/paradowski-dariusz-en
Partyka Michał,false,,,,,https://polmic.pl/en/encyclopedia/subject-entries/p/partyka-michal-en
Pasieczny Marek,true,,,,,https://polmic.pl/en/encyclopedia/subject-entries/p/pasieczny-marek-en
Pasternak Klaudia,true,,,,,https://polmic.pl/en/encyclopedia/subject-entries/p/pasternak-klaudia-en
Patkowski Józef,true,15th November 1929,Vilnius,26th October 2005,Warsaw,https://polmic.pl/en/encyclopedia/subject-entries/p/patkowski-jozef-en
Patock Jan,false,,,,,https://polmic.pl/en/encyclopedia/subject-entries/p/patock-jan-en
Patyra Mariusz,false,,,,,https://polmic.pl/en/encyclopedia/subject-entries/p/patyra-mariusz-en
Pawlak Ireneusz,true,22nd March 1935,Września,15th July 2020,Lubartów,https://polmic.pl/en/encyclopedia/subject-entries/p/pawlak-ireneusz-en
Pawlik Łukasz,true,,,,,https://polmic.pl/en/encyclopedia/subject-entries/p/pawlik-lukasz-en
Pawlik Piotr,true,,,,,https://polmic.pl/en/encyclopedia/subject-entries/p/pawlik-piotr-en
Pawlik Włodek,true,,,,,https://polmic.pl/en/encyclopedia/subject-entries/p/pawlik-wlodek-en
Pawłowski Kamil,true,2nd February 1986,Bytom,,,https://polmic.pl/en/encyclopedia/subject-entries/p/pawlowski-kamil-en
Pęcherski Bartłomiej,false,,,,,https://polmic.pl/en/encyclopedia/subject-entries/p/pecherski-bartlomiej-en
Pęcherzewska-Hadrych Anna,true,,,,,https://polmic.pl/en/encyclopedia/subject-entries/p/pecherzewska-hadrych-anna-en
Pędziałek Mariusz,false,,,,,https://polmic.pl/en/encyclopedia/subject-entries/p/pedzialek-mariusz-en
Pękala Miłosz,false,,,,,https://polmic.pl/en/encyclopedia/subject-entries/p/pekala-milosz-en
Pękiel Bartłomiej,true,,,,,https://polmic.pl/en/encyclopedia/subject-entries/p/pekiel-bartlomiej-en
Pełech Krzysztof,false,,,,,https://polmic.pl/en/encyclopedia/subject-entries/p/pelech-krzysztof-en
Penderecki Krzysztof,true,23rd October 1933,Dębica,29th March 2020,Kraków,https://polmic.pl/en/encyclopedia/subject-entries/p/penderecki-krzysztof-en
Penherski Zbigniew,true,26 January 1935,Warsaw,4 February 2019,Warsaw,https://polmic.pl/en/encyclopedia/subject-entries/p/penherski-zbigniew-en
Perkowski Piotr,true,17th March 1901,Oweczacze (now in Ukraine),12th August 1990,Otwock,https://polmic.pl/en/encyclopedia/subject-entries/p/perkowski-piotr-en
Perz Mirosław,false,,,,,https://polmic.pl/en/encyclopedia/subject-entries/p/perz-miroslaw-en
Peszat Piotr,true,29th June 1990,Kraków,,,https://polmic.pl/en/encyclopedia/subject-entries/p/peszat-piotr-en
Pfeiffer Irena,true,,,,,https://polmic.pl/en/encyclopedia/subject-entries/p/pfeiffer-irena-en
Piasecka Ewa,false,,,,,https://polmic.pl/en/encyclopedia/subject-entries/p/piasecka-ewa-en
Piasecka Julia,true,"January 6, 2001",Kraków,,,https://polmic.pl/en/encyclopedia/subject-entries/p/piasecka-julia-en
Piekutowska-Cyganowska Patrycja,false,,,,,https://polmic.pl/en/encyclopedia/subject-entries/p/piekutowska-cyganowska-patrycja-en
Pieniek Grzegorz,true,18th November 1982,Kamień Pomorski,,,https://polmic.pl/en/encyclopedia/subject-entries/p/pieniek-grzegorz-en
Pieprzyk Łukasz,true,9 March 1985,Katowice,,,https://polmic.pl/en/encyclopedia/subject-entries/p/pieprzyk-lukasz-en
Piernik Zdzisław,false,,,,,https://polmic.pl/en/encyclopedia/subject-entries/p/piernik-zdzislaw-en
Pierończyk Adam,true,,,,,https://polmic.pl/en/encyclopedia/subject-entries/p/pieronczyk-adam-en
Pietraszko Dominik,true,,,,,https://polmic.pl/en/encyclopedia/subject-entries/p/pietraszko-dominik-en
Pietroń Katarzyna,false,,,,,https://polmic.pl/en/encyclopedia/subject-entries/p/pietron-katarzyna-en
Pietruszewski Paweł,true,,,,,https://polmic.pl/en/encyclopedia/subject-entries/p/pietruszewski-pawel-en
Pietrzak Bernard,true,,,,,https://polmic.pl/en/encyclopedia/subject-entries/p/pietrzak-bernard-en
Pijarowski Marek,false,,,,,https://polmic.pl/en/encyclopedia/subject-entries/p/pijarowski-marek-en
Pikul Andrzej,false,,,,,https://polmic.pl/en/encyclopedia/subject-entries/p/pikul-andrzej-en
Pikulik Jerzy,false,,,,,https://polmic.pl/en/encyclopedia/subject-entries/p/pikulik-jerzy-en
Pilch Jan,false,,,,,https://polmic.pl/en/encyclopedia/subject-entries/p/pilch-jan-en
Piotr Wilhelmi z Grudziądza,true,,,,,https://polmic.pl/en/encyclopedia/subject-entries/p/piotr-wilhelmi-z-grudziadza-en
Pisarenko Olgierd,false,,,,,https://polmic.pl/en/encyclopedia/subject-entries/p/pisarenko-olgierd-en
Antoniewicz Milena Julia (Piszczorowicz),false,,,,,https://polmic.pl/en/encyclopedia/subject-entries/a/piszczorowicz-milena-julia-en
Piszek Maciej,false,,,,,https://polmic.pl/en/encyclopedia/subject-entries/p/piszek-maciej-en
Pławner Piotr,false,,,,,https://polmic.pl/en/encyclopedia/subject-entries/p/plawner-piotr-en
Pławner Wojciech,false,,,,,https://polmic.pl/en/encyclopedia/subject-entries/p/plawner-wojciech-en
Płonka Jarosław,true,28th March 1984,Łódź,,,https://polmic.pl/en/encyclopedia/subject-entries/p/plonka-jaroslaw-en
Płoszaj Zenon,false,,,,,https://polmic.pl/en/encyclopedia/subject-entries/p/ploszaj-zenon-en
Pluskota Wiesław,true,,,,,https://polmic.pl/en/encyclopedia/subject-entries/p/pluskota-wieslaw-en
Pobłocka Ewa,false,,,,,https://polmic.pl/en/encyclopedia/subject-entries/p/poblocka-ewa-en
Pociej Bohdan,false,,,,,https://polmic.pl/en/encyclopedia/subject-entries/p/pociej-bohdan-en
Podbielski Jan,true,,,,,https://polmic.pl/en/encyclopedia/subject-entries/p/podbielski-jan-en
Podgórska Ewa,true,,,,,https://polmic.pl/en/encyclopedia/subject-entries/p/podgorska-ewa-en
Podleś Ewa,false,,,,,https://polmic.pl/en/encyclopedia/subject-entries/p/podles-ewa-en
Podobiński Józef,true,17th March 1925,Polna near Gorlice,16 May 1993,Siemianowice,https://polmic.pl/en/encyclopedia/subject-entries/p/podobinski-jozef-en
Pokrzywińska Maria,true,,,,,https://polmic.pl/en/encyclopedia/subject-entries/p/pokrzywinska-maria-en
Pokrzywiński Mirosław,false,,,,,https://polmic.pl/en/encyclopedia/subject-entries/p/pokrzywinski-miroslaw-en
Polaczyk Jakub,true,8th March 1983,Krakow,,,https://polmic.pl/en/encyclopedia/subject-entries/p/polaczyk-jakub-en
Polak-Reys Jakub,true,,,,,https://polmic.pl/en/encyclopedia/subject-entries/p/polak-reys-jakub-en
Politalska Anna Emanuela,false,,,,,https://polmic.pl/en/encyclopedia/subject-entries/p/politalska-anna-emanuela-en
Połoński Dominik,false,,,,,https://polmic.pl/en/encyclopedia/subject-entries/p/polonski-dominik-en
Polony Leszek,false,,,,,https://polmic.pl/en/encyclopedia/subject-entries/p/polony-leszek-en
Poniatowska Irena,false,,,,,https://polmic.pl/en/encyclopedia/subject-entries/p/poniatowska-irena-en
Popławski (Paplauski) Eugeniusz (Yauhen),true,,,,,https://polmic.pl/en/encyclopedia/subject-entries/p/poplawski-paplauski-eugeniusz-yauhen-en
Popowa-Zydroń Katarzyna,false,,,,,https://polmic.pl/en/encyclopedia/subject-entries/p/popowa-zydron-katarzyna-en
Poradowski Stefan Bolesław,true,,,,,https://polmic.pl/en/encyclopedia/subject-entries/p/poradowski-stefan-boleslaw-en
Porazinska Paulina,false,,,,,https://polmic.pl/en/encyclopedia/subject-entries/p/porazinska-paulina-en
Porębski Adam,true,31st March 1990,Wrocław,,,https://polmic.pl/en/encyclopedia/subject-entries/p/porebski-adam-en
Porzyc Anna,true,,,,,https://polmic.pl/en/encyclopedia/subject-entries/p/porzyc-anna-en
Poźniak Piotr,false,,,,,https://polmic.pl/en/encyclopedia/subject-entries/p/pozniak-piotr-en
Praszczałek Jarosław,true,,,,,https://polmic.pl/en/encyclopedia/subject-entries/p/praszczalek-jaroslaw-en
Praszczałek Tomasz,true,,,,,https://polmic.pl/en/encyclopedia/subject-entries/p/praszczalek-tomasz-en
Prochaska Maciej,true,,,,,https://polmic.pl/en/encyclopedia/subject-entries/p/prochaska-maciej-en
Promiński Włodzimierz,false,,,,,https://polmic.pl/en/encyclopedia/subject-entries/p/prominski-wlodzimierz-en
Proniewicz Wojciech,false,,,,,https://polmic.pl/en/encyclopedia/subject-entries/p/proniewicz-wojciech-en
Prosnak Karol Mieczysław,true,,,,,https://polmic.pl/en/encyclopedia/subject-entries/p/prosnak-karol-mieczyslaw-en
Prószyński Stanisław,true,,,,,https://polmic.pl/en/encyclopedia/subject-entries/p/proszynski-stanislaw-en
Przerembski Zbigniew,false,3rd February 1952,Szczecin,,,https://polmic.pl/en/encyclopedia/subject-entries/p/przerembski-zbigniew-en
Przezwański Paweł,true,,,,,https://polmic.pl/en/encyclopedia/subject-entries/p/przezwanski-pawel-en
Przybyciński Andrzej,false,,,,,https://polmic.pl/en/encyclopedia/subject-entries/p/przybycinski-andrzej-en
Rabiński Jacek,true,,,,,https://polmic.pl/en/encyclopedia/subject-entries/r/rabinski-jacek-en
Rachoń Stefan,false,,,,,https://polmic.pl/en/encyclopedia/subject-entries/r/rachon-stefan-en
Rączkowski Feliks,true,,,,,https://polmic.pl/en/encyclopedia/subject-entries/r/raczkowski-feliks-en
Radko Piotr,true,,,,,https://polmic.pl/en/encyclopedia/subject-entries/r/radko-piotr-en
Radomska Dorota,false,,,,,https://polmic.pl/en/encyclopedia/subject-entries/r/radomska-dorota-en
Radwan Stanisław,true,,,,,https://polmic.pl/en/encyclopedia/subject-entries/r/radwan-stanislaw-en
Radwan-Stefańska Agnieszka,false,,,,,https://polmic.pl/en/encyclopedia/subject-entries/r/radwan-stefanska-agnieszka-en
Radziejewska Anna,false,,,,,https://polmic.pl/en/encyclopedia/subject-entries/r/radziejewska-anna-en
Radziszewski Karol,false,,,,,https://polmic.pl/en/encyclopedia/subject-entries/r/radziszewski-karol-en
Radziwiłł Antoni Henryk,true,,,,,https://polmic.pl/en/encyclopedia/subject-entries/r/radziwill-antoni-henryk-en
Radziwonowicz Karol,false,,,,,https://polmic.pl/en/encyclopedia/subject-entries/r/radziwonowicz-karol-en
Radziwonowicz Tomasz,true,23rd March 1953,Warsaw,,,https://polmic.pl/en/encyclopedia/subject-entries/r/radziwonowicz-tomasz-en
Rajski Wojciech,false,,,,,https://polmic.pl/en/encyclopedia/subject-entries/r/rajski-wojciech-en
Rakowski Andrzej,false,,,,,https://polmic.pl/en/encyclopedia/subject-entries/r/rakowski-andrzej-en
Rappé Jadwiga,false,,,,,https://polmic.pl/en/encyclopedia/subject-entries/r/rappe-jadwiga-en
Rathaus Karol,true,16th September 1895,Tarnopol,21st November 1954,New York,https://polmic.pl/en/encyclopedia/subject-entries/r/rathaus-karol-en
Ratusińska-Zamuszko Weronika,true,,,,,https://polmic.pl/en/encyclopedia/subject-entries/r/ratusinska-zamuszko-weronika-en
Rau Krzysztof,true,21st November 1995,Białystok,,,https://polmic.pl/en/encyclopedia/subject-entries/r/rau-krzysztof-en
Regamey Konstanty (Constantin),true,28th January 1907,Kiev,27th December 1982,Lausanne,https://polmic.pl/en/encyclopedia/subject-entries/r/regamey-konstanty-constantin-en
Rehlis Agnieszka,false,,,,,https://polmic.pl/en/encyclopedia/subject-entries/r/rehlis-agnieszka-en
Reichert Piotr,false,,,,,https://polmic.pl/en/encyclopedia/subject-entries/r/reichert-piotr-en
Rekść-Raubo Justyna,false,,,,,https://polmic.pl/en/encyclopedia/subject-entries/r/reksc-raubo-justyna-en
Renat Maryla,false,,,,,https://polmic.pl/en/encyclopedia/subject-entries/r/renat-maryla-en
Reszniak Anna,false,,,,,https://polmic.pl/en/encyclopedia/subject-entries/r/reszniak-anna-en
Rewakowicz Roman,true,,,,,https://polmic.pl/en/encyclopedia/subject-entries/r/rewakowicz-roman-en
Robak Adrian,true,,,,,https://polmic.pl/en/encyclopedia/subject-entries/r/robak-adrian-en
Rochecki Jędrzej Roch,true,29th October 1988,Toruń,,,https://polmic.pl/en/encyclopedia/subject-entries/r/rochecki-jedrzej-roch-en
Rodek Wojciech,false,,,,,https://polmic.pl/en/encyclopedia/subject-entries/r/rodek-wojciech-en
Rodziński Artur,false,,,,,https://polmic.pl/en/encyclopedia/subject-entries/r/rodzinski-artur-en
Roemer Piotr,true,11th December 1988,Kraków,,,https://polmic.pl/en/encyclopedia/subject-entries/r/roemer-piotr-en
Rogala Jacek,true,,,,,https://polmic.pl/en/encyclopedia/subject-entries/r/rogala-jacek-en
Rogiewicz Jerzy,true,,,,,https://polmic.pl/en/encyclopedia/subject-entries/r/rogiewicz-jerzy-en
Rogowski Ludomir Michał,true,,,,,https://polmic.pl/en/encyclopedia/subject-entries/r/rogowski-ludomir-michal-en
Romańczuk Paweł,true,,,,,https://polmic.pl/en/encyclopedia/subject-entries/r/romanczuk-pawel-en
Romanik Emilia,false,,,,,https://polmic.pl/en/encyclopedia/subject-entries/r/romanik-emilia-en
Ropski Jacek,false,,,,,https://polmic.pl/en/encyclopedia/subject-entries/r/ropski-jacek-en
Rottermund Krzysztof,false,25th August 1957,Kalisz,,,https://polmic.pl/en/encyclopedia/subject-entries/r/rottermund-krzysztof-en
Rowicki Witold,true,,,,,https://polmic.pl/en/encyclopedia/subject-entries/r/rowicki-witold-en
Różański Piotr,false,,,,,https://polmic.pl/en/encyclopedia/subject-entries/r/rozanski-piotr-en
Rozbicki Andrzej,false,,,,,https://polmic.pl/en/encyclopedia/subject-entries/r/rozbicki-andrzej-en
Rozbicki Kazimierz,true,,,,,https://polmic.pl/en/encyclopedia/subject-entries/r/rozbicki-kazimierz-en
Różycki Jacek (Hyacinthus),true,,,,,https://polmic.pl/en/encyclopedia/subject-entries/r/rozycki-jacek-hyacinthus-en
Różycki Ludomir,true,,,,,https://polmic.pl/en/encyclopedia/subject-entries/r/rozycki-ludomir-en
Rozynek-Banaszak Maria,false,,,,,https://polmic.pl/en/encyclopedia/subject-entries/r/rozynek-banaszak-maria-en
Rubinstein Artur,false,,,,,https://polmic.pl/en/encyclopedia/subject-entries/r/rubinstein-artur-en
Ruciński Artur,false,,,,,https://polmic.pl/en/encyclopedia/subject-entries/r/rucinski-artur-en
Rudnik Eugeniusz,true,,,,,https://polmic.pl/en/encyclopedia/subject-entries/r/rudnik-eugeniusz-en
Rudziński Witold,true,,,,,https://polmic.pl/en/encyclopedia/subject-entries/r/rudzinski-witold-en
Rudziński Zbigniew,true,,,,,https://polmic.pl/en/encyclopedia/subject-entries/r/rudzinski-zbigniew-en
Runowski Michał F.,false,,,,,https://polmic.pl/en/encyclopedia/subject-entries/r/runowski-michal-f-en
Runtz Dawid,true,,,,,https://polmic.pl/en/encyclopedia/subject-entries/r/runtz-dawid-en
Rupociński Marcin,true,,,,,https://polmic.pl/en/encyclopedia/subject-entries/r/rupocinski-marcin-en
Rutkowski Hubert,false,,,,,https://polmic.pl/en/encyclopedia/subject-entries/r/rutkowski-hubert-en
Rybicki Feliks,true,24th January 1899,Warsaw,24th August 1978,Warsaw,https://polmic.pl/en/encyclopedia/subject-entries/r/rybicki-feliks-en
Rychlik Józef,true,12th May 1946,Kraków,,,https://polmic.pl/en/encyclopedia/subject-entries/r/rychlik-jozef-en
Ryczek Mateusz,true,,,,,https://polmic.pl/en/encyclopedia/subject-entries/r/ryczek-mateusz-en
Rydzewska Żaneta,true,"October 5, 1991",Ełk,,,https://polmic.pl/en/encyclopedia/subject-entries/r/rydzewska-zaneta-en
Rytel Piotr,true,,,,,https://polmic.pl/en/encyclopedia/subject-entries/r/rytel-piotr-en
Ryterski Rafał,true,,,,,https://polmic.pl/en/encyclopedia/subject-entries/r/ryterski-rafal-en
Rzepka Marek,false,,,,,https://polmic.pl/en/encyclopedia/subject-entries/r/rzepka-marek-en
Rzepkowski Radosław,false,,,,,https://polmic.pl/en/encyclopedia/subject-entries/r/rzepkowski-radoslaw-en
Sadkowska Dagna,false,,,,,https://polmic.pl/en/encyclopedia/subject-entries/s/sadkowska-dagna-en
Salaber Piotr,true,30th July 1966,Wroclaw,,,https://polmic.pl/en/encyclopedia/subject-entries/s/salaber-piotr-en
Sałaciński Daniel,true,,,,,https://polmic.pl/en/encyclopedia/subject-entries/s/salacinski-daniel-en
Sałajczyk Piotr,false,,,,,https://polmic.pl/en/encyclopedia/subject-entries/s/salajczyk-piotr-en
Salwarowski Hubert,false,,,,,https://polmic.pl/en/encyclopedia/subject-entries/s/salwarowski-hubert-en
Salwarowski Jerzy,false,,,,,https://polmic.pl/en/encyclopedia/subject-entries/s/salwarowski-jerzy-en
Samerek Tadeusz,false,,,,,https://polmic.pl/en/encyclopedia/subject-entries/s/samerek-tadeusz-en
Samojło Julia,false,,,,,https://polmic.pl/en/encyclopedia/subject-entries/s/samojlo-julia-en
Sanejko Jan,true,,,,,https://polmic.pl/en/encyclopedia/subject-entries/s/sanejko-jan-en
Sapiecha Agata,false,,,,,https://polmic.pl/en/encyclopedia/subject-entries/s/sapiecha-agata-en
Sarbak Małgorzata,false,,,,,https://polmic.pl/en/encyclopedia/subject-entries/s/sarbak-malgorzata-en
Sari Ada,false,,,,,https://polmic.pl/en/encyclopedia/subject-entries/s/sari-ada-en
Sarwas Jakub,true,,,,,https://polmic.pl/en/encyclopedia/subject-entries/s/sarwas-jakub-en
Sawa Marian,true,"January 12, 1937",in Krasnystaw,"April 27, 2005",in Warsaw,https://polmic.pl/en/encyclopedia/subject-entries/s/sawa-marian-en
Schaeffer Bogusław,true,6th June 1929,Lviv,1st July 2019,Salzburg,https://polmic.pl/en/encyclopedia/subject-entries/s/schaeffer-boguslaw-en
Scheller Anna,false,,,,,https://polmic.pl/en/encyclopedia/subject-entries/s/scheller-anna-en
Scheller Przemysław,true,,,,,https://polmic.pl/en/encyclopedia/subject-entries/s/scheller-przemyslaw-en
Schläger Christof,true,,,,,https://polmic.pl/en/encyclopedia/subject-entries/s/schlaeger-christof-en
Schubert Zenon,true,,,,,https://polmic.pl/en/encyclopedia/subject-entries/s/schubert-zenon-en
Schwaen Kurt,true,,,,,https://polmic.pl/en/encyclopedia/subject-entries/s/schwaen-kurt-en
Sebastian z Felsztyna,true,,,,,https://polmic.pl/en/encyclopedia/subject-entries/s/sebastian-z-felsztyna-en
Semkow Jerzy,false,,,,,https://polmic.pl/en/encyclopedia/subject-entries/s/semkow-jerzy-en
Serafin Józef,false,,,,,https://polmic.pl/en/encyclopedia/subject-entries/s/serafin-jozef-en
Serocki Kazimierz,true,"March 3, 1922",Toruń,"January 9, 1981",Warsaw,https://polmic.pl/en/encyclopedia/subject-entries/s/serocki-kazimierz-en
Sewen Marek,true,4th September 1930,Poznań,,,https://polmic.pl/en/encyclopedia/subject-entries/s/sewen-marek-en
Siczek Elżbieta,false,,,,,https://polmic.pl/en/encyclopedia/subject-entries/s/siczek-elzbieta-en
Siedlik Włodzimierz,false,,,,,https://polmic.pl/en/encyclopedia/subject-entries/s/siedlik-wlodzimierz-en
Siek Paweł,true,8th May 1993,Lublin,,,https://polmic.pl/en/encyclopedia/subject-entries/s/siek-pawel-en
Sielicki Edward,true,3rd Jun 1956,Warsaw,,,https://polmic.pl/en/encyclopedia/subject-entries/s/sielicki-edward-en
Sielicki Ryszard,true,,,,,https://polmic.pl/en/encyclopedia/subject-entries/s/sielicki-ryszard-en
Sikora Elżbieta,true,"20 October, 1943",Lviv,,,https://polmic.pl/en/encyclopedia/subject-entries/s/sikora-elzbieta-en
Sikorski Kazimierz,true,,,,,https://polmic.pl/en/encyclopedia/subject-entries/s/sikorski-kazimierz-en
Sikorski Tomasz,true,,,,,https://polmic.pl/en/encyclopedia/subject-entries/s/sikorski-tomasz-en
Sikorzak-Olek Anna,false,,,,,https://polmic.pl/en/encyclopedia/subject-entries/s/sikorzak-olek-anna-en
Silva Ruben,false,,,,,https://polmic.pl/en/encyclopedia/subject-entries/s/silva-ruben-en
Sitarz Emilia,false,,,,,https://polmic.pl/en/encyclopedia/subject-entries/s/sitarz-emilia-en
Sitarz Maxima,false,,,,,https://polmic.pl/en/encyclopedia/subject-entries/s/sitarz-maxima-en
Siwiński Jarosław,true,9th June 1964,Warsaw,,,https://polmic.pl/en/encyclopedia/subject-entries/s/siwinski-jaroslaw-en
Skarbowski Jerzy,false,,,,,https://polmic.pl/en/encyclopedia/subject-entries/s/skarbowski-jerzy-en
Skierkowski Władysław,false,12th March 1886,Głużek,20th August 1941,Działdowo,https://polmic.pl/en/encyclopedia/subject-entries/s/skierkowski-wladyslaw-en
Skoczyński Stanisław,false,,,,,https://polmic.pl/en/encyclopedia/subject-entries/s/skoczynski-stanislaw-en
Skrowaczewski Stanisław,true,,,,,https://polmic.pl/en/encyclopedia/subject-entries/s/skrowaczewski-stanislaw-en
Skrzypczak Bettina,true,25 January 1963,Poznań,,,https://polmic.pl/en/encyclopedia/subject-entries/s/skrzypczak-bettina-en
Skrzypek Paweł,false,,,,,https://polmic.pl/en/encyclopedia/subject-entries/s/skrzypek-pawel-en
Skulski Florian,false,,,,,https://polmic.pl/en/encyclopedia/subject-entries/s/skulski-florian-en
Skweres Tomasz,true,13th April 1984,Warsaw,,,https://polmic.pl/en/encyclopedia/subject-entries/s/skweres-tomasz-en
Sławecki Michał,false,,,,,https://polmic.pl/en/encyclopedia/subject-entries/s/slawecki-michal-en
Sławek Maria,false,,,,,https://polmic.pl/en/encyclopedia/subject-entries/s/slawek-maria-en
Sławiński Adam,true,,,,,https://polmic.pl/en/encyclopedia/subject-entries/s/slawinski-adam-en
Sławiński Paweł,true,,,,,https://polmic.pl/en/encyclopedia/subject-entries/s/slawinski-pawel-en
Śledziński Stefan,false,,,,,https://polmic.pl/en/encyclopedia/subject-entries/s-1/sledzinski-stefan-en
Śliwiński Zbigniew,false,,,,,https://polmic.pl/en/encyclopedia/subject-entries/s-1/sliwinski-zbigniew-en
Słotwiński Artur,true,,,,,https://polmic.pl/en/encyclopedia/subject-entries/s/slotwinski-artur-en
Słowik Zbigniew,true,,,,,https://polmic.pl/en/encyclopedia/subject-entries/s/slowik-zbigniew-en
Słowiński Krzysztof,false,,,,,https://polmic.pl/en/encyclopedia/subject-entries/s/slowinski-krzysztof-en
Słowiński Władysław,true,14th May 1930,Sadlno,5th September 2024,Warsaw,https://polmic.pl/en/encyclopedia/subject-entries/s/slowinski-wladyslaw-en
Ślusarczyk Joanna Natalia,false,,,,,https://polmic.pl/en/encyclopedia/subject-entries/s-1/slusarczyk-joanna-natalia-en
Ślusarczyk Przemysław,true,,,,,https://polmic.pl/en/encyclopedia/subject-entries/s-1/slusarczyk-przemyslaw-en
Smendzianka Regina,false,,,,,https://polmic.pl/en/encyclopedia/subject-entries/s/smendzianka-regina-en
Śmigielski Michał,false,,,,,https://polmic.pl/en/encyclopedia/subject-entries/s-1/smigielski-michal-en
Smolij Mariusz,false,,,,,https://polmic.pl/en/encyclopedia/subject-entries/s/smolij-mariusz-en
Smoluch Łukasz,false,,,,,https://polmic.pl/en/encyclopedia/subject-entries/s/smoluch-lukasz-en
Smorągiewicz Bartosz W.,true,22nd January 1978,Żagań,,,https://polmic.pl/en/encyclopedia/subject-entries/s/smoragiewicz-bartosz-w-en
Smorawiński Witold,true,,,,,https://polmic.pl/en/encyclopedia/subject-entries/s/smorawinski-witold-en
Śniady Marta,true,2nd February 1986,Pabianice,,,https://polmic.pl/en/encyclopedia/subject-entries/s-1/sniady-marta-en
Śnieckowski Seweryn,false,,,,,https://polmic.pl/en/encyclopedia/subject-entries/s-1/snieckowski-seweryn-en
Sobieraj Jacek,true,,,,,https://polmic.pl/en/encyclopedia/subject-entries/s/sobieraj-jacek-en
Sobieska Jadwiga,false,14th October 1909,Warsaw,5th December 1995,Warsaw,https://polmic.pl/en/encyclopedia/subject-entries/s/sobieska-jadwiga-en
Sobieski Marian,false,14th June 1908,Miłosławice,25th October 1967,Warsaw,https://polmic.pl/en/encyclopedia/subject-entries/s/sobieski-marian-en
Sobotka Iwona,false,,,,,https://polmic.pl/en/encyclopedia/subject-entries/s/sobotka-iwona-en
Sobula Marian,false,,,,,https://polmic.pl/en/encyclopedia/subject-entries/s/sobula-marian-en
Sokołowska Joanna Halszka,true,,,,,https://polmic.pl/en/encyclopedia/subject-entries/s/sokolowska-joanna-halszka-en
Sokorska Bogna,false,,,,,https://polmic.pl/en/encyclopedia/subject-entries/s/sokorska-bogna-en
Sokorski Jerzy,true,,,,,https://polmic.pl/en/encyclopedia/subject-entries/s/sokorski-jerzy-en
Sołtys Adam,true,,,,,https://polmic.pl/en/encyclopedia/subject-entries/s/soltys-adam-en
Sołtys Mieczysław,true,,,,,https://polmic.pl/en/encyclopedia/subject-entries/s/soltys-mieczyslaw-en
Sołtysiak Paweł,true,,,,,https://polmic.pl/en/encyclopedia/subject-entries/s/soltysiak-pawel-en
Somerschaf Borys,true,,,,,https://polmic.pl/en/encyclopedia/subject-entries/s/somerschaf-borys-en
Sompoliński Marcin,false,,,,,https://polmic.pl/en/encyclopedia/subject-entries/s/sompolinski-marcin-en
Sosińska-Janczewska Marta,false,,,,,https://polmic.pl/en/encyclopedia/subject-entries/s/sosinska-janczewska-marta-en
Sosnowska Zuzanna,false,,,,,https://polmic.pl/en/encyclopedia/subject-entries/s/sosnowska-zuzanna-en
Sotomski Jacek,true,2 June 1987,Olsztyn,,,https://polmic.pl/en/encyclopedia/subject-entries/s/sotomski-jacek-en
Sowa Anna,true,19th November 1987,Tymbark,,,https://polmic.pl/en/encyclopedia/subject-entries/s/sowa-anna-en
Spisak Michał,true,,,,,https://polmic.pl/en/encyclopedia/subject-entries/s/spisak-michal-en
Sroczyński Tomasz,true,25 December 1987,Radomsko,,,https://polmic.pl/en/encyclopedia/subject-entries/s/sroczynski-tomasz-en
Stachowski Marek,true,21 March 1936,Piekary Śląskie,3 December 2004,,https://polmic.pl/en/encyclopedia/subject-entries/s/stachowski-marek-en
Stachura Dariusz,false,,,,,https://polmic.pl/en/encyclopedia/subject-entries/s/stachura-dariusz-en
Stachurska Anna,true,,,,,https://polmic.pl/en/encyclopedia/subject-entries/s/stachurska-anna-en
Stańczyk Marcin,true,16th November 1977,Łęczyca,,,https://polmic.pl/en/encyclopedia/subject-entries/s/stanczyk-marcin-en
Stanienda Jan,false,,,,,https://polmic.pl/en/encyclopedia/subject-entries/s/stanienda-jan-en
Stanienda Krzysztof,false,,,,,https://polmic.pl/en/encyclopedia/subject-entries/s/stanienda-krzysztof-en
Stankiewicz Jerzy,false,4th June 1944,Vilnius,"27th April, 1992",,https://polmic.pl/en/encyclopedia/subject-entries/s/stankiewicz-jerzy-en
Stańko Tomasz,true,11th July 1942,Rzeszów,,,https://polmic.pl/en/encyclopedia/subject-entries/s/stanko-tomasz-en
Staśkiewicz Anna Maria,false,,,,,https://polmic.pl/en/encyclopedia/subject-entries/s/staskiewicz-anna-maria-en
Staszewski Maciej,true,16 July 1984,Łódź,,,https://polmic.pl/en/encyclopedia/subject-entries/s/staszewski-maciej-en
Statkowski Roman,true,,,,,https://polmic.pl/en/encyclopedia/subject-entries/s/statkowski-roman-en
Stawarz Lilianna,false,,,,,https://polmic.pl/en/encyclopedia/subject-entries/s/stawarz-lilianna-en
Stefaniak Monika,false,,,,,https://polmic.pl/en/encyclopedia/subject-entries/s/stefaniak-monika-en
Stefańska Elżbieta,false,,,,,https://polmic.pl/en/encyclopedia/subject-entries/s/stefanska-elzbieta-en
Stefański Ludwik,false,,,,,https://polmic.pl/en/encyclopedia/subject-entries/s/stefanski-ludwik-en
Stefański Marek,false,,,,,https://polmic.pl/en/encyclopedia/subject-entries/s/stefanski-marek-en
Stępalska-Spix Joanna,true,,,,,https://polmic.pl/en/encyclopedia/subject-entries/s/stepalska-spix-joanna-en
Stępień (d. Markowska) Jolanta,true,15th June 1955,Łódź,,,https://polmic.pl/en/encyclopedia/subject-entries/s/stepien-d-markowska-jolanta-en
Stępień Jadwiga Teresa,false,,,,,https://polmic.pl/en/encyclopedia/subject-entries/s/stepien-jadwiga-teresa-en
Stępień Justyna,false,,,,,https://polmic.pl/en/encyclopedia/subject-entries/s/stepien-justyna-en
Stępień Wojciech,true,,,,,https://polmic.pl/en/encyclopedia/subject-entries/s/stepien-wojciech-en
Stępniewska Katarzyna,true,,,,,https://polmic.pl/en/encyclopedia/subject-entries/s/stepniewska-katarzyna-en
Stęszewska Zofia,false,10th May 1930,Lublin,1st January 1999,Warsaw,https://polmic.pl/en/encyclopedia/subject-entries/s/steszewska-zofia-en
Stęszewski Jan Maria,false,,,,,https://polmic.pl/en/encyclopedia/subject-entries/s/steszewski-jan-maria-en
Stojowski Zygmunt Denis Antoni Jordan,true,,,5 November 1946,New York,https://polmic.pl/en/encyclopedia/subject-entries/s/stojowski-zygmunt-denis-antoni-jordan-de-en
Stolpe Antoni,true,,,,,https://polmic.pl/en/encyclopedia/subject-entries/s/stolpe-antoni-en
Stompel Józef,false,,,,,https://polmic.pl/en/encyclopedia/subject-entries/s/stompel-jozef-en
Stradomski Rafał,true,13th October 1958,Warsaw,,,https://polmic.pl/en/encyclopedia/subject-entries/s/stradomski-rafal-en
Strahl Tomasz,false,,,,,https://polmic.pl/en/encyclopedia/subject-entries/s/strahl-tomasz-en
Strobel Janusz,true,,,,,https://polmic.pl/en/encyclopedia/subject-entries/s/strobel-janusz-en
Strugała Tadeusz,false,,,,,https://polmic.pl/en/encyclopedia/subject-entries/s/strugala-tadeusz-en
Strusińska Ewa,false,,,,,https://polmic.pl/en/encyclopedia/subject-entries/s/strusinska-ewa-en
Stryja Karol,false,,,,,https://polmic.pl/en/encyclopedia/subject-entries/s/stryja-karol-en
Strzelecki Paweł,false,,,,,https://polmic.pl/en/encyclopedia/subject-entries/s/strzelecki-pawel-en
Stulgińska Agnieszka,true,,,,,https://polmic.pl/en/encyclopedia/subject-entries/s/stulginska-agnieszka-en
Stuligrosz Stefan,true,,,,,https://polmic.pl/en/encyclopedia/subject-entries/s/stuligrosz-stefan-en
Sudnik Tadeusz,true,6 December 1955,Warsaw,,,https://polmic.pl/en/encyclopedia/subject-entries/s/sudnik-tadeusz-en
Sułkowski Piotr,false,,,,,https://polmic.pl/en/encyclopedia/subject-entries/s/sulkowski-piotr-en
Sutkowski Stefan,false,,,,,https://polmic.pl/en/encyclopedia/subject-entries/s/sutkowski-stefan-en
Świątek-Żelazna Barbara,false,,,,,https://polmic.pl/en/encyclopedia/subject-entries/s-1/swiatek-zelazna-barbara-en
Świątnicka Kalina,true,29th April 1988,Warsaw,,,https://polmic.pl/en/encyclopedia/subject-entries/s-1/swiatnicka-kalina-en
Świder Józef,true,19th August 1930,Czechowice,22nd May 2014,Katowice,https://polmic.pl/en/encyclopedia/subject-entries/s-1/swider-jozef-en
Świerzyński Adam,true,,,,,https://polmic.pl/en/encyclopedia/subject-entries/s-1/swierzynski-adam-en
Świerzyński Michał,true,,,,,https://polmic.pl/en/encyclopedia/subject-entries/s-1/swierzynski-michal-en
Świętoński Wojciech,false,,,,,https://polmic.pl/en/encyclopedia/subject-entries/s-1/swietonski-wojciech-en
Świgut Aleksandra,false,,,,,https://polmic.pl/en/encyclopedia/subject-entries/s-1/swigut-aleksandra-en
Świtała Wojciech,false,,,,,https://polmic.pl/en/encyclopedia/subject-entries/s-1/switala-wojciech-en
Swoboda Jerzy,false,,,,,https://polmic.pl/en/encyclopedia/subject-entries/s/swoboda-jerzy-en
Swolkień Henryk,true,20th October 1910,St,13th May 1990,Poznań,https://polmic.pl/en/encyclopedia/subject-entries/s/swolkien-henryk-en
Swoszowski Dariusz,true,11th May 1986,Tarnów,,,https://polmic.pl/en/encyclopedia/subject-entries/s/swoszowski-dariusz-en
Sydor Paweł Bartłomiej,true,,,,,https://polmic.pl/en/encyclopedia/subject-entries/s/sydor-pawel-bartlomiej-en
Sygietyński Tadeusz,true,,,,,https://polmic.pl/en/encyclopedia/subject-entries/s/sygietynski-tadeusz-en
Sykulski Jacek,true,,,,,https://polmic.pl/en/encyclopedia/subject-entries/s/sykulski-jacek-en
Synowiec Ewa,true,12th April 1942,Krakow,6th March 2021,Gdańsk,https://polmic.pl/en/encyclopedia/subject-entries/s/synowiec-ewa-en
Syska Filip,false,,,,,https://polmic.pl/en/encyclopedia/subject-entries/s/syska-filip-en
Szabelski Bolesław,true,3rd December 1896,Radoryż near Łuków,27th August 1979,Katowice,https://polmic.pl/en/encyclopedia/subject-entries/s/szabelski-boleslaw-en
Szablewska-Borzykowska Łucja,true,,,,,https://polmic.pl/en/encyclopedia/subject-entries/s/szablewska-lucja-en
Szadek Tomasz,true,,,,,https://polmic.pl/en/encyclopedia/subject-entries/s/szadek-tomasz-en
Szajna-Lewandowska Jadwiga,true,,,,,https://polmic.pl/en/encyclopedia/subject-entries/s/szajna-lewandowska-jadwiga-en
Szałach Michał,false,,,,,https://polmic.pl/en/encyclopedia/subject-entries/s/szalach-michal-en
Szałaśna Anna,false,31st October 1926,Chryplin,,,https://polmic.pl/en/encyclopedia/subject-entries/s/szalasna-anna-en
Szalonek Witold,true,2nd March 1927,Czechowice-Dziedzice,12th October 2001,Berlin,https://polmic.pl/en/encyclopedia/subject-entries/s/szalonek-witold-en
Szałowski Antoni,true,,,,,https://polmic.pl/en/encyclopedia/subject-entries/s/szalowski-antoni-en
Szarzyński Stanisław Sylwester,true,,,,,https://polmic.pl/en/encyclopedia/subject-entries/s/szarzynski-stanislaw-sylwester-en
Szczepaniak Roman,false,,,,,https://polmic.pl/en/encyclopedia/subject-entries/s/szczepaniak-roman-en
Szczepankiewicz Tatiana,false,,,,,https://polmic.pl/en/encyclopedia/subject-entries/s/szczepankiewicz-tatiana-en
Szebanowa Tatiana,false,,,,,https://polmic.pl/en/encyclopedia/subject-entries/s/szebanowa-tatiana-en
Szeligowski Aleksander,true,,,,,https://polmic.pl/en/encyclopedia/subject-entries/s/szeligowski-aleksander-en
Szeligowski Tadeusz,true,13 September 1896,Lviv,10 January 1963,,https://polmic.pl/en/encyclopedia/subject-entries/s/szeligowski-tadeusz-en
Szeluto Apolinary,true,,,,,https://polmic.pl/en/encyclopedia/subject-entries/s/szeluto-apolinary-en
Szeremeta Ryszard,true,"May 5, 1952",Kraków,,,https://polmic.pl/en/encyclopedia/subject-entries/s/szeremeta-ryszard-en
Szeryng Henryk,false,,,,,https://polmic.pl/en/encyclopedia/subject-entries/s/szeryng-henryk-en
Szlagowska Danuta,false,,,,,https://polmic.pl/en/encyclopedia/subject-entries/s/szlagowska-danuta-en
Szlezer Marek,false,,,,,https://polmic.pl/en/encyclopedia/subject-entries/s/szlezer-marek-en
Szmytka Jagoda,true,15th January 1982,Legnica,,,https://polmic.pl/en/encyclopedia/subject-entries/s/szmytka-jagoda-en
Szoka Marta,false,,,,,https://polmic.pl/en/encyclopedia/subject-entries/s/szoka-marta-en
Szostak Anna,false,,,,,https://polmic.pl/en/encyclopedia/subject-entries/s/szostak-anna-en
Szostak Michał,false,,,,,https://polmic.pl/en/encyclopedia/subject-entries/s/szostak-michal-en
Szostak Zdzisław,true,,,,,https://polmic.pl/en/encyclopedia/subject-entries/s/szostak-zdzislaw-en
Szostek-Radkowa Krystyna,false,,,,,https://polmic.pl/en/encyclopedia/subject-entries/s/szostek-radkowa-krystyna-en
Szpilman Władysław,true,,,,,https://polmic.pl/en/encyclopedia/subject-entries/s/szpilman-wladyslaw-en
Szpinalski Stanisław Leopold,false,,,,,https://polmic.pl/en/encyclopedia/subject-entries/s/szpinalski-leopold-stanislaw-en
Sztompka Henryk,false,1st April 1901,Bogusławka near Łuck (Wołyń),21st June 1964,Kraków,https://polmic.pl/en/encyclopedia/subject-entries/s/sztompka-henryk-en
Szulakowska-Kulawik Jolanta,false,,,,,https://polmic.pl/en/encyclopedia/subject-entries/s/szulakowska-kulawik-jolanta-en
Szurmiak-Bogucka Aleksandra,false,26 December 1928,Nowy Sącz,,,https://polmic.pl/en/encyclopedia/subject-entries/s/szurmiak-bogucka-aleksandra-en
Szwajgier Krzysztof,true,,,,,https://polmic.pl/en/encyclopedia/subject-entries/s/szwajgier-krzysztof-en
Szwarcman Dorota,false,,,,,https://polmic.pl/en/encyclopedia/subject-entries/s/szwarcman-dorota-en
Szwed Katarzyna,true,27th April 1980,Kraków,,,https://polmic.pl/en/encyclopedia/subject-entries/s/szwed-katarzyna-en
Szwejkowska-Belica Aleksandra,false,,,,,https://polmic.pl/en/encyclopedia/subject-entries/s/szwejkowska-belica-aleksandra-en
Szymanowska-Korwin Stanisława,false,,,,,https://polmic.pl/en/encyclopedia/subject-entries/s/szymanowska-korwin-stanislawa-en
Szymanowska Maria,true,,,,,https://polmic.pl/en/encyclopedia/subject-entries/s/szymanowska-maria-en
Szymanowski Karol,true,3rd October 1882,Tymoszówka,29th March 1937,Lausanne,https://polmic.pl/en/encyclopedia/subject-entries/s/szymanowski-karol-en
Szymańska Janina,false,,,,,https://polmic.pl/en/encyclopedia/subject-entries/s/szymanska-janina-en
Szymański Paweł,true,,,,,https://polmic.pl/en/encyclopedia/subject-entries/s/szymanski-pawel-en
Szymański Sebastian,true,20th December 1982,Warsaw,,,https://polmic.pl/en/encyclopedia/subject-entries/s/szymanski-sebastian-en
Szymczak Gracjan,false,,,,,https://polmic.pl/en/encyclopedia/subject-entries/s/szymczak-gracjan-en
Szymczewska Agata,false,,,,,https://polmic.pl/en/encyclopedia/subject-entries/s/szymczewska-agata-en
Szymonik Kazimierz,false,,,,,https://polmic.pl/en/encyclopedia/subject-entries/s/szymonik-kazimierz-en
Szymonowicz Zbigniew,true,,,,,https://polmic.pl/en/encyclopedia/subject-entries/s/szymonowicz-zbigniew-en
Szymulska Halina,false,"January 16, 1921",Lublin,"September 15, 1994",Warsaw,https://polmic.pl/en/encyclopedia/subject-entries/s/szymulska-halina-en
Tabakiernik Piotr,true,,,,,https://polmic.pl/en/encyclopedia/subject-entries/t/tabakiernik-piotr-en
Tabęcki Hadrian Filip,true,,,,,https://polmic.pl/en/encyclopedia/subject-entries/t/tabecki-hadrian-filip-en
Taborowska Katarzyna,true,31st May 1974,Krakow,,,https://polmic.pl/en/encyclopedia/subject-entries/t/taborowska-katarzyna-en
Tacina Jan,false,25th October 1909,Oldrzychowice (Zaolzie),16th December 1990,Katowice,https://polmic.pl/en/encyclopedia/subject-entries/t/tacina-jan-en
Talma-Sutt Michał,true,16th August 1969,Łódź,,,https://polmic.pl/en/encyclopedia/subject-entries/t/talma-sutt-michal-en
Tansman Aleksander,true,,,,,https://polmic.pl/en/encyclopedia/subject-entries/t/tansman-aleksander-en
Tarnawska-Kaczorowska Krystyna,false,,,,,https://polmic.pl/en/encyclopedia/subject-entries/t/tarnawska-kaczorowska-krystyna-en
Tatarski Andrzej,false,,,,,https://polmic.pl/en/encyclopedia/subject-entries/t/tatarski-andrzej-en
Tesarowicz Romuald,false,,,,,https://polmic.pl/en/encyclopedia/subject-entries/t/tesarowicz-romuald-en
Tkaczyk Paulina,false,,,,,https://polmic.pl/en/encyclopedia/subject-entries/t/tkaczyk-paulina-en
Toczyska Stefania,false,,,,,https://polmic.pl/en/encyclopedia/subject-entries/t/toczyska-stefania-en
Tokarczyk Tomasz,false,,,,,https://polmic.pl/en/encyclopedia/subject-entries/t/tokarczyk-tomasz-en
Tomala-Jedynak Katarzyna,false,,,,,https://polmic.pl/en/encyclopedia/subject-entries/t/tomala-katarzyna-en
Tomanek Konrad,true,,,,,https://polmic.pl/en/encyclopedia/subject-entries/t/tomanek-konrad-en
Tomasiewicz Maciej,false,,,,,https://polmic.pl/en/encyclopedia/subject-entries/t/tomasiewicz-maciej-en
Tomaszewski Mieczysław,false,17th November 1921,Poznań,14th January 2019,Kraków,https://polmic.pl/en/encyclopedia/subject-entries/t/tomaszewski-mieczyslaw-en
Tomaszewski Paweł,true,10 June 1983,Gostynin,,,https://polmic.pl/en/encyclopedia/subject-entries/t/tomaszewski-pawel-en
Tomaszewski Tomasz,false,,,,,https://polmic.pl/en/encyclopedia/subject-entries/t/tomaszewski-tomasz-en
Towarnicka Elżbieta,false,,,,,https://polmic.pl/en/encyclopedia/subject-entries/t/towarnicka-elzbieta-en
Tracz Marek,false,,,,,https://polmic.pl/en/encyclopedia/subject-entries/t/tracz-marek-en
Trębacz Ewa,true,"November 11, 1973",Kraków,,,https://polmic.pl/en/encyclopedia/subject-entries/t/trebacz-ewa-en
Trepczyński Łukasz,false,,,,,https://polmic.pl/en/encyclopedia/subject-entries/t/trepczynski-lukasz-en
Trochanowski Bogdan,true,,,,,https://polmic.pl/en/encyclopedia/subject-entries/t/trochanowski-bogdan-en
Trojanowski Tadeusz,true,,,,,https://polmic.pl/en/encyclopedia/subject-entries/t/trojanowski-tadeusz-en
Trylnik Katarzyna,false,,,,,https://polmic.pl/en/encyclopedia/subject-entries/t/trylnik-katarzyna-en
Trzaskowski Krzysztof,false,,,,,https://polmic.pl/en/encyclopedia/subject-entries/t/trzaskowski-krzysztof-en
Trzciński Tomasz,true,22nd February 1974,Szczecin,,,https://polmic.pl/en/encyclopedia/subject-entries/t/trzcinski-tomasz-en
Trzęsiok Marcin,false,,,,,https://polmic.pl/en/encyclopedia/subject-entries/t/trzesiok-marcin-en
Trzpis Maria,true,"July 1, 2000",in Harta,,,https://polmic.pl/en/encyclopedia/subject-entries/t/trzpis-maria-en
Tuchowski Andrzej,true,,,,,https://polmic.pl/en/encyclopedia/subject-entries/t/tuchowski-andrzej-en
Turek Krystyna,false,,,,,https://polmic.pl/en/encyclopedia/subject-entries/t/turek-krystyna-en
Turski Zbigniew,true,,,,,https://polmic.pl/en/encyclopedia/subject-entries/t/turski-zbigniew-en
Twardowski Romuald,true,17 June 1930,Vilnius,13 January 2024,Warsaw,https://polmic.pl/en/encyclopedia/subject-entries/t/twardowski-romuald-en
Ufniarz Agnieszka,false,,,,,https://polmic.pl/en/encyclopedia/subject-entries/u/ufniarz-agnieszka-en
Umińska Eugenia,false,,,,,https://polmic.pl/en/encyclopedia/subject-entries/u/uminska-eugenia-en
Urbaniak Jacek,false,,,,,https://polmic.pl/en/encyclopedia/subject-entries/u/urbaniak-jacek-en
Urbaniak Łukasz,true,16th January 1980,Bydgoszcz,,,https://polmic.pl/en/encyclopedia/subject-entries/u/urbaniak-lukasz-en
Urbański Krzysztof,false,17th October 1982,Pabianice,,,https://polmic.pl/en/encyclopedia/subject-entries/u/urbanski-krzysztof-en
Vogel Beniamin,false,,,,,https://polmic.pl/en/encyclopedia/subject-entries/v/vogel-beniamin-en
Wacław z Szamotuł,true,,,,,https://polmic.pl/en/encyclopedia/subject-entries/w/waclaw-z-szamotul-en
Wajrak Piotr,false,,,,,https://polmic.pl/en/encyclopedia/subject-entries/w/wajrak-piotr-en
Wakarecy Paweł,false,,,,,https://polmic.pl/en/encyclopedia/subject-entries/w/wakarecy-pawel-en
Walaciński Adam,true,,,,,https://polmic.pl/en/encyclopedia/subject-entries/w/walacinski-adam-en
Wałcerz Filip,false,,,,,https://polmic.pl/en/encyclopedia/subject-entries/w/walcerz-filip-en
Waleczek Wojciech,false,,,,,https://polmic.pl/en/encyclopedia/subject-entries/w/waleczek-wojciech-en
Walentynowicz Małgorzata,false,,,,,https://polmic.pl/en/encyclopedia/subject-entries/w/walentynowicz-malgorzata-en
Walewska Małgorzata,false,,,,,https://polmic.pl/en/encyclopedia/subject-entries/w/walewska-malgorzata-en
Walicki Adam,true,2 May 1976,Warsaw,,,https://polmic.pl/en/encyclopedia/subject-entries/w/walicki-adam-en
Wallek-Walewski Bolesław,true,,,,,https://polmic.pl/en/encyclopedia/subject-entries/w/wallek-walewski-boleslaw-en
Wąsik Bartłomiej,false,,,,,https://polmic.pl/en/encyclopedia/subject-entries/w/wasik-bartlomiej-en
Wąsik-Janiak Kamila,false,,,,,https://polmic.pl/en/encyclopedia/subject-entries/w/wasik-janiak-kamila-en
Wasiółka Marian,false,,,,,https://polmic.pl/en/encyclopedia/subject-entries/w/wasiolka-marian-en
Wasowski Jerzy,true,,,,,https://polmic.pl/en/encyclopedia/subject-entries/w/wasowski-jerzy-en
Wawrowski Janusz,false,22 March 1982,Konin,,,https://polmic.pl/en/encyclopedia/subject-entries/w/wawrowski-janusz-en
Węcowski Jan,true,,,,,https://polmic.pl/en/encyclopedia/subject-entries/w/wecowski-jan-en
Węgrzyn Krzysztof,false,,,,,https://polmic.pl/en/encyclopedia/subject-entries/w/wegrzyn-krzysztof-en
Weinberg Mieczysław,true,8th December 1919,Warsaw,26th February 1996,Moscow,https://polmic.pl/en/encyclopedia/subject-entries/w/weinberg-mieczyslaw-en
Wesołowski Adam,true,,,,,https://polmic.pl/en/encyclopedia/subject-entries/w/wesolowski-adam-en
Wesołowski Franciszek,true,,,,,https://polmic.pl/en/encyclopedia/subject-entries/w/wesolowski-franciszek-en
Weyna Anna,true,,,,,https://polmic.pl/en/encyclopedia/subject-entries/w/weyna-anna-en
Wezner Bartłomiej,false,,,,,https://polmic.pl/en/encyclopedia/subject-entries/w/wezner-bartlomiej-en
Wicherek Joanna,false,,,,,https://polmic.pl/en/encyclopedia/subject-entries/w/wicherek-joanna-en
Wicherek Tadeusz,false,,,,,https://polmic.pl/en/encyclopedia/subject-entries/w/wicherek-tadeusz-en
Wichrowski Jan Antoni,true,19th June 1942,Lviv,2nd August 2017,Wrocław,https://polmic.pl/en/encyclopedia/subject-entries/w/wichrowski-jan-antoni-en
Widaszek Roman,false,,,,,https://polmic.pl/en/encyclopedia/subject-entries/w/widaszek-roman-en
Widłak Wojciech,true,,,,,https://polmic.pl/en/encyclopedia/subject-entries/w/widlak-wojciech-en
Wiechowicz Stanisław,true,,,,,https://polmic.pl/en/encyclopedia/subject-entries/w/wiechowicz-stanislaw-en
Wieczorek Ryszard J.,false,,,,,https://polmic.pl/en/encyclopedia/subject-entries/w/wieczorek-ryszard-j-en
Wielecki Tadeusz,true,5th July 1954,Warsaw,,,https://polmic.pl/en/encyclopedia/subject-entries/w/wielecki-tadeusz-en
Wieniawski Henryk,true,10th July 1835,Lublin,31 March 1880,Moscow,https://polmic.pl/en/encyclopedia/subject-entries/w/wieniawski-henryk-en
Wieniawski Józef,true,,,,,https://polmic.pl/en/encyclopedia/subject-entries/w/wieniawski-jozef-en
Wierus Grzegorz,false,,,,,https://polmic.pl/en/encyclopedia/subject-entries/w/wierus-grzegorz-en
Wierzbicki Marcin Mateusz,true,,,,,https://polmic.pl/en/encyclopedia/subject-entries/w/wierzbicki-marcin-mateusz-en
Wierzchoń Henryk,false,,,,,https://polmic.pl/en/encyclopedia/subject-entries/w/wierzchon-henryk-en
Wierzchoń Maciej,false,,,,,https://polmic.pl/en/encyclopedia/subject-entries/w/wierzchon-maciej-en
Wijatkowski Piotr,false,,,,,https://polmic.pl/en/encyclopedia/subject-entries/w/wijatkowski-piotr-en
Wilk Sławomir,false,,,,,https://polmic.pl/en/encyclopedia/subject-entries/w/wilk-slawomir-en
Wiłkomirska Maria,false,,,,,https://polmic.pl/en/encyclopedia/subject-entries/w/wilkomirska-maria-en
Wiłkomirska Wanda,false,,,,,https://polmic.pl/en/encyclopedia/subject-entries/w/wilkomirska-wanda-en
Wiłkomirski Józef,true,15th May 1926,Kalisz,,,https://polmic.pl/en/encyclopedia/subject-entries/w/wilkomirski-jozef-en
Wiłkomirski Kazimierz,true,,,,,https://polmic.pl/en/encyclopedia/subject-entries/w/wilkomirski-kazimierz-en
Wincenty z Kielc,true,,,,,https://polmic.pl/en/encyclopedia/subject-entries/w/wincenty-z-kielc-en
Winowicz Krystyna,false,,,,,https://polmic.pl/en/encyclopedia/subject-entries/w/winowicz-krystyna-en
Wisłocki Leszek,true,,,,,https://polmic.pl/en/encyclopedia/subject-entries/w/wislocki-leszek-en
Wisłocki Stanisław,true,,,,,https://polmic.pl/en/encyclopedia/subject-entries/w/wislocki-stanislaw-en
Wiszniewski Zbigniew,true,,,,,https://polmic.pl/en/encyclopedia/subject-entries/w/wiszniewski-zbigniew-en
Wit Antoni,false,,,,,https://polmic.pl/en/encyclopedia/subject-entries/w/wit-antoni-en
Władkowski Michał,false,,,,,https://polmic.pl/en/encyclopedia/subject-entries/w/wladkowski-michal-en
Włoszczowska Maria,false,,,,,https://polmic.pl/en/encyclopedia/subject-entries/w/wloszczowska-maria-en
Wnuk-Nazarowa Joanna,true,28th May 1949,Gdynia,,,https://polmic.pl/en/encyclopedia/subject-entries/w/wnuk-nazarowa-joanna-en
Wodiczko Bohdan,false,,,,,https://polmic.pl/en/encyclopedia/subject-entries/w/wodiczko-bohdan-en
Wodnicki Adam,false,,,,,https://polmic.pl/en/encyclopedia/subject-entries/w/wodnicki-adam-en
Wojciechowski Sławomir,true,3rd May 1971,Łódź,,,https://polmic.pl/en/encyclopedia/subject-entries/w/wojciechowski-slawomir-en
Wojciechowski Tadeusz,false,,,,,https://polmic.pl/en/encyclopedia/subject-entries/w/wojciechowski-tadeusz-en
Wójcik Dariusz S.,false,,,,,https://polmic.pl/en/encyclopedia/subject-entries/w/wojcik-dariusz-s-en
Wojnowicz Tytus,false,,,,,https://polmic.pl/en/encyclopedia/subject-entries/w/wojnowicz-tytus-en
Wojtacki Emil Bernard,true,,,,,https://polmic.pl/en/encyclopedia/subject-entries/w/wojtacki-emil-bernard-en
Wójtowicz Paweł,false,,,,,https://polmic.pl/en/encyclopedia/subject-entries/w/wojtowicz-pawel-en
Wolak Kornel,false,,,,,https://polmic.pl/en/encyclopedia/subject-entries/w/wolak-kornel-en
Wolanin Edward,false,,,,,https://polmic.pl/en/encyclopedia/subject-entries/w/wolanin-edward-en
Wolanin Jarosław,false,,,,,https://polmic.pl/en/encyclopedia/subject-entries/w/wolanin-jaroslaw-en
Wołek Krzysztof,true,14th April 1976,Bytom,,,https://polmic.pl/en/encyclopedia/subject-entries/w/wolek-krzysztof-en
Woleńska Elżbieta,false,,,,,https://polmic.pl/en/encyclopedia/subject-entries/w/wolenska-elzbieta-en
Wolińska Monika,false,,,,,https://polmic.pl/en/encyclopedia/subject-entries/w/wolinska-monika-en
Wołosiuk Jerzy,false,,,,,https://polmic.pl/en/encyclopedia/subject-entries/w/wolosiuk-jerzy-en
Woroch Bartosz,false,,,,,https://polmic.pl/en/encyclopedia/subject-entries/w/woroch-bartosz-en
Woś Justyna,false,,,,,https://polmic.pl/en/encyclopedia/subject-entries/w/wos-justyna-en
Wośko Miłosz,true,25th May 1979,Szczecin,,,https://polmic.pl/en/encyclopedia/subject-entries/w/wosko-milosz-en
Woytowicz Bolesław,true,,,,,https://polmic.pl/en/encyclopedia/subject-entries/w/woytowicz-boleslaw-en
Woźna-Stankiewicz Małgorzata,false,,,,,https://polmic.pl/en/encyclopedia/subject-entries/w/wozna-stankiewicz-malgorzata-en
Woźniak Franciszek,true,,,,,https://polmic.pl/en/encyclopedia/subject-entries/w/wozniak-franciszek-en
Woźniak Tomasz,false,,,,,https://polmic.pl/en/encyclopedia/subject-entries/w/wozniak-tomasz-en
Woźny Joanna,true,27 July 1973,Zabrze,,,https://polmic.pl/en/encyclopedia/subject-entries/w/wozny-joanna-en
Woźny Zbigniew Stanisław,true,,,,,https://polmic.pl/en/encyclopedia/subject-entries/w/wozny-zbigniew-stanislaw-en
Wróbel Andrzej,false,,,,,https://polmic.pl/en/encyclopedia/subject-entries/w/wrobel-andrzej-en
Wróbel Anna,false,,,,,https://polmic.pl/en/encyclopedia/subject-entries/w/wrobel-anna-en
Wróbel Marcin,false,,,,,https://polmic.pl/en/encyclopedia/subject-entries/w/wrobel-marcin-en
Wróbel Paweł,false,,,,,https://polmic.pl/en/encyclopedia/subject-entries/w/wrobel-pawel-en
Wróbel Piotr,true,,,,,https://polmic.pl/en/encyclopedia/subject-entries/w/wrobel-piotr-en
Wroniszewski Marek,false,,,,,https://polmic.pl/en/encyclopedia/subject-entries/w/wroniszewski-marek-en
Wygranienko Rostisław,false,,,,,https://polmic.pl/en/encyclopedia/subject-entries/w/wygranienko-rostislaw-en
Wyrzykowski Szymon,false,,,,,https://polmic.pl/en/encyclopedia/subject-entries/w/wyrzykowski-szymon-en
Zagajewski Artur,true,10th April 1978,Tomaszów Mazowiecki,,,https://polmic.pl/en/encyclopedia/subject-entries/z/zagajewski-artur-en
Zagańczyk Paweł,false,,,,,https://polmic.pl/en/encyclopedia/subject-entries/z/zaganczyk-pawel-en
Zakrocki Patryk,true,,,,,https://polmic.pl/en/encyclopedia/subject-entries/z/zakrocki-patryk-en
Zakrzewska Barbara,true,,,,,https://polmic.pl/en/encyclopedia/subject-entries/z/zakrzewska-barbara-en
Zalesińska Lilianna,false,,,,,https://polmic.pl/en/encyclopedia/subject-entries/z/zalesinska-lilianna-en
Załęski Łukasz,false,,,,,https://polmic.pl/en/encyclopedia/subject-entries/z/zaleski-lukasz-en
Zalewska Małgorzata,false,,,,,https://polmic.pl/en/encyclopedia/subject-entries/z/zalewska-malgorzata-en
Zalewski Ignacy,true,,,,,https://polmic.pl/en/encyclopedia/subject-entries/z/zalewski-ignacy-en
Załubska Paulina,true,6th April 1984,Kraków,,,https://polmic.pl/en/encyclopedia/subject-entries/z/zalubska-paulina-en
Zamara Dominika,false,,,,,https://polmic.pl/en/encyclopedia/subject-entries/z/zamara-dominika-en
Zambrzycki-Payne Rafał,false,15th January 1978,Lodz,,,https://polmic.pl/en/encyclopedia/subject-entries/z/zambrzycki-payne-rafal-en
Zamuszko Sławomir,true,,,,,https://polmic.pl/en/encyclopedia/subject-entries/z/zamuszko-slawomir-en
Zapała Rafał,true,1st November 1975,Kielce,18 July 2025,Poznań,https://polmic.pl/en/encyclopedia/subject-entries/z/zapala-rafal-en
Zapolska-Chapelle Elżbieta,false,,,,,https://polmic.pl/en/encyclopedia/subject-entries/z/zapolska-chapelle-elzbieta-en
Zaradny Anna,true,,,,,https://polmic.pl/en/encyclopedia/subject-entries/z/zaradny-anna-en
Zarębski Juliusz,true,,,,,https://polmic.pl/en/encyclopedia/subject-entries/z/zarebski-juliusz-en
Zarycki Andrzej,true,,,,,https://polmic.pl/en/encyclopedia/subject-entries/z/zarycki-andrzej-en
Zarzycki Jan Miłosz,false,,,,,https://polmic.pl/en/encyclopedia/subject-entries/z/zarzycki-jan-milosz-en
Zawadzka Barbara,true,,,,,https://polmic.pl/en/encyclopedia/subject-entries/z/zawadzka-barbara-en
Zawadzka-Gołosz Anna,true,1st December 1955,Kraków,,,https://polmic.pl/en/encyclopedia/subject-entries/z/zawadzka-golosz-anna-en
Zawadzki Sebastian,true,,,,,https://polmic.pl/en/encyclopedia/subject-entries/z/zawadzki-sebastian-en
Zbijowski Krzysztof,false,,,,,https://polmic.pl/en/encyclopedia/subject-entries/z/zbijowski-krzysztof-en
Zdrojek-Suchodolska Agnieszka,true,,,,,https://polmic.pl/en/encyclopedia/subject-entries/z/zdrojek-suchodolska-agnieszka-en
Zdunik Marcin,false,,,,,https://polmic.pl/en/encyclopedia/subject-entries/z/zdunik-marcin-en
Zdunikowski Adam,false,,,,,https://polmic.pl/en/encyclopedia/subject-entries/z/zdunikowski-adam-en
Żeleński Władysław,true,,,,,https://polmic.pl/en/encyclopedia/subject-entries/z-1/zelenski-wladyslaw-en
Zemler Hubert,true,8th September 1980,Warsaw,,,https://polmic.pl/en/encyclopedia/subject-entries/z/zemler-hubert-en
Żerańska-Kominek Sławomira,false,,,,,https://polmic.pl/en/encyclopedia/subject-entries/z-1/zeranska-kominek-slawomira-en
Zieleński Mikołaj,true,,,,,https://polmic.pl/en/encyclopedia/subject-entries/z/zielenski-mikolaj-en
Zielińska Anna,false,,,,,https://polmic.pl/en/encyclopedia/subject-entries/z/zielinska-anna-en
Zielińska Lidia,true,9th October 1953,Poznań,,,https://polmic.pl/en/encyclopedia/subject-entries/z/zielinska-lidia-en
Zieliński Maciej,true,29 March 1971,Warsaw,,,https://polmic.pl/en/encyclopedia/subject-entries/z/zielinski-maciej-en
Zieliński Marcin,true,13th May 1983,Konin,,,https://polmic.pl/en/encyclopedia/subject-entries/z/zielinski-marcin-en
Zieliński Michał,true,,,,,https://polmic.pl/en/encyclopedia/subject-entries/z/zielinski-michal-en
Zieliński Tadeusz Andrzej,true,22nd May 1931,Warsaw,25th February 2012,Warsaw,https://polmic.pl/en/encyclopedia/subject-entries/z/zielinski-tadeusz-andrzej-en
Zimak Ryszard,false,,,,,https://polmic.pl/en/encyclopedia/subject-entries/z/zimak-ryszard-en
Zimerman Krystian,false,,,,,https://polmic.pl/en/encyclopedia/subject-entries/z/zimerman-krystian-en
Zimka Maciej,true,,,,,https://polmic.pl/en/encyclopedia/subject-entries/z/zimka-maciej-en
Żmudziński Tadeusz,false,,,,,https://polmic.pl/en/encyclopedia/subject-entries/z-1/zmudzinski-tadeusz-en
Żmurko Jolanta,false,,,,,https://polmic.pl/en/encyclopedia/subject-entries/z-1/zmurko-jolanta-en
Zoła Antoni,false,15th December 1948,Załęż (near Jasło),22nd January 2015,Lublin,https://polmic.pl/en/encyclopedia/subject-entries/z/zola-antoni-en
Żołnowski Maciej,true,,,,,https://polmic.pl/en/encyclopedia/subject-entries/z-1/zolnowski-maciej-en
Żółtowski Maciej,true,27th May 1971,Warsaw,,,https://polmic.pl/en/encyclopedia/subject-entries/z-1/zoltowski-maciej-en
Żórawska-Witkowska Alina,false,,,,,https://polmic.pl/en/encyclopedia/subject-entries/z-1/zorawska-witkowska-alina-en
Zubel Agata,true,25th January 1978,Wrocław,,,https://polmic.pl/en/encyclopedia/subject-entries/z/zubel-agata-en
Zubrzycki Sławomir,true,,,,,https://polmic.pl/en/encyclopedia/subject-entries/z/zubrzycki-slawomir-en
Żuchowski Artur,true,,,,,https://polmic.pl/en/encyclopedia/subject-entries/z-1/zuchowski-artur-en
Żuławski Wawrzyniec Jerzy,true,,,,,https://polmic.pl/en/encyclopedia/subject-entries/z-1/zulawski-wawrzyniec-jerzy-en
Żurawlew Jerzy,false,,,,,https://polmic.pl/en/encyclopedia/subject-entries/z-1/zurawlew-jerzy-en
Zwolińska Elżbieta,false,,,,,https://polmic.pl/en/encyclopedia/subject-entries/z/zwolinska-elzbieta-en
Zych Przemysław,true,5th May 1980,Radom,,,https://polmic.pl/en/encyclopedia/subject-entries/z/zych-przemyslaw-en
Zych Wojciech Ziemowit,true,4th April 1976,Warsaw,,,https://polmic.pl/en/encyclopedia/subject-entries/z/zych-wojciech-ziemowit-en
Żylis-Gara Teresa,false,,,,,https://polmic.pl/en/encyclopedia/subject-entries/z-2/zylis-gara-teresa-en
